Year,Country,Location,Injuries,Population,Passenger_kilometres,Injuries_passenger_kilometres,Percentage_inj_pop,Percentage_inj_pk_pop
1995,Slovenia,SVN,8391.0,10136814.0,267525.0,31.365292963274463,0.08277748807465542,0.0003094196358271392
1995,Portugal,PRT,65853.0,29302311.0,,,0.22473654040461177,
1995,Finland,FIN,10632.0,10330759.0,157083.0,67.68396325509444,0.10291596193464585,0.0006551693177151305
1995,United States,USA,3507000.0,5227861.0,4458.0,786675.6393001345,67.08288533302627,15.04775355159853
1995,Japan,JPN,933361.0,5107787.0,81109.0,11507.489920970545,18.273295264661584,0.2252930656852086
1995,Canada,CAN,241771.0,59383991.0,770918.0,313.61441813526216,0.4071316122892447,0.0005281127335063455
1995,Sweden,SWE,21745.0,10328967.0,187737.0,115.8269280962197,0.21052444063380202,0.0011213795929081746
1995,Norway,NOR,12061.0,267467.0,813276.0,14.830143764232561,4.50934133930541,0.0055446629917831215
1995,Hungary,HUN,27475.0,56844301.0,697936.19970162,39.36606241622951,0.048333781076840054,6.92524346745499e-05
1995,Iceland,ISL,1655.0,125570246.0,,,0.0013179873837310153,
1995,Netherlands,NLD,13022.0,45092991.0,32309.0,403.0455910117924,0.028878102142304112,0.0008938098406730049
1995,Switzerland,CHE,29451.0,15459004.0,114464.0,257.2948700027957,0.1905103330072235,0.0016643689981760512
1995,Denmark,DNK,10573.0,3673400.0,,,0.28782599226874284,
1995,Croatia,HRV,18465.0,4359187.0,74078.0,249.2642889926834,0.42358815990229365,0.005718137097414802
1995,Poland,POL,84026.0,38274500.0,95009.0,884.4004252228737,0.2195351996760245,0.0023106779323645603
1995,United Kingdom,GBR,322412.0,10026176.0,2413000.0,133.61458765022795,3.2157025769346164,0.001332657512198349
1995,France,FRA,189815.0,5363676.0,168211.0,1128.4339311935605,3.5388975769602786,0.02103844324663832
1995,Korea,KOR,342070.0,8826944.0,121470.0,2816.0862764468593,3.8752936463627727,0.03190329831532702
1995,Italy,ITA,273637.0,7040687.0,64506.0,4242.039500201532,3.8865099385897994,0.060250363355188664
1995,New Zealand,NZL,17538.0,59756000.0,481000.0,36.46153846153846,0.0293493540397617,6.101736806603264e-05
1995,Czech Republic,CZE,38555.0,58024799.0,24194.0,1593.5769198974951,0.06644572779993602,0.00274637215011722
1995,India,,,266278393.0,64700.0,,,
1995,Türkiye,TUR,120323.0,4807101.0,954293.0,126.08601341516703,2.503026252204811,0.002622911676188352
1995,Lithuania,LTU,5180.0,964279130.0,4355728.0,1.189238630144031,0.0005371888531902583,1.2332929264413624e-07
1995,Belgium,BEL,73568.0,3629102.0,63386.0,1160.634840501057,2.02716815344402,0.03198132321717761
1995,Slovak Republic,SVK,12233.0,1987505.0,56463.0,216.6551547030799,0.6154953069300455,0.010900860863398074
1996,Slovenia,SVN,8187.0,10156641.0,244955.0,33.422465350778715,0.08060735827917911,0.000329070067070193
1996,Portugal,PRT,68727.0,29610218.0,,,0.2321056873002421,
1996,Finland,FIN,9703.0,10315353.0,159627.0,60.78545609452035,0.09406367382677064,0.000589271701070437
1996,United States,USA,3525000.0,5261503.0,4583.0,769146.8470434214,66.99606557289809,14.6183865531089
1996,Japan,JPN,952147.0,5124573.0,82003.0,11611.123983268906,18.58002608217309,0.22657739451206774
1996,Canada,CAN,230412.0,59589289.0,777226.0,296.45431315987884,0.386666805170305,0.0004974959730764347
1996,Sweden,SWE,21347.0,10311235.0,187875.0,113.62341982701264,0.20702660738505135,0.00110193802999362
1996,Norway,NOR,12280.0,268918.0,808678.0,15.18527770014765,4.566447764746131,0.005646805978085383
1996,Hungary,HUN,25309.0,56860279.0,719619.46918281,35.16997674999059,0.04451086143984626,6.185333130354599e-05
1996,Iceland,ISL,1568.0,125864000.0,,,0.001245789105701392,
1996,Netherlands,NLD,13217.0,45524681.0,33214.0,397.9346058890829,0.029032603215824838,0.0008741074009702186
1996,Switzerland,CHE,27155.0,15530500.0,116344.0,233.4026679502166,0.174849489713789,0.0015028664109347195
1996,Denmark,DNK,10324.0,3732000.0,18542.0,556.7899902923093,0.2766345123258307,0.014919345934949339
1996,Croatia,HRV,16903.0,4381339.0,74958.0,225.4996131166787,0.3857953013907392,0.005146819570836191
1996,Poland,POL,84137.0,38289000.0,95580.0,880.2783008997698,0.21974196244352165,0.002299037062602235
1996,United Kingdom,GBR,333153.0,10063944.5,2815000.0,118.34920071047958,3.3103620553551343,0.0011759723109609713
1996,France,FRA,178197.0,5373793.0,163327.0,1091.044346617522,3.316037666504832,0.020303058689039977
1996,Korea,KOR,368615.0,8840999.0,123960.0,2973.6608583414004,4.169381763305256,0.0336348964448633
1996,Italy,ITA,285491.0,7071851.0,64702.0,4412.3983802664525,4.0370053045518075,0.06239382560897356
1996,New Zealand,NZL,15352.0,60671000.0,493000.0,31.13995943204868,0.025303687099273126,5.132593732104083e-05
1996,Czech Republic,CZE,39311.0,58164374.0,24626.0,1596.3209615853161,0.06758604502474315,0.0027444995137149006
1996,India,,,269394284.0,66000.0,,,
1996,Türkiye,TUR,110027.0,4758633.0,955412.0,115.16183594093438,2.312155612756857,0.0024200613062813287
1996,Lithuania,LTU,5890.0,983281215.0,4450661.0,1.3233989288332677,0.0005990147996471182,1.3459007541736346e-07
1996,Belgium,BEL,68259.0,3601613.0,63473.0,1075.4021394923825,1.895234163137461,0.029858903205102337
1996,Slovak Republic,SVK,12264.0,1991169.0,57612.0,212.8723182670277,0.6159195929627269,0.010690821234512374
1997,Slovenia,SVN,9026.0,10181246.0,238861.0,37.787667304415535,0.08865319627872659,0.00037114973260066143
1997,Portugal,PRT,68455.0,29905948.0,,,0.22890095308130678,
1997,Finland,FIN,9395.0,10303642.0,161700.0,58.10142238713667,0.0911813512154246,0.0005638920916229103
1997,United States,USA,3390000.0,5284220.0,4711.0,719592.4432180005,64.15327143835799,13.617760865709613
1997,Japan,JPN,968567.0,5139839.0,82774.0,11701.343417015005,18.84430621270433,0.22765972663764378
1997,Canada,CAN,220477.0,59795263.0,779163.0,282.96646529673507,0.36871984324243207,0.0004732255551693703
1997,Sweden,SWE,21821.0,10290475.0,192944.0,113.09499129281035,0.21205046414281167,0.001099025956457893
1997,Norway,NOR,12126.0,271130.0,809307.0,14.983189321234093,4.472393316859071,0.005526201202830411
1997,Hungary,HUN,26148.0,56890371.0,714356.3389006,36.60358084067956,0.045962083812039124,6.434055569909988e-05
1997,Iceland,ISL,1511.0,126166000.0,,,0.0011976285211546692,
1997,Netherlands,NLD,12953.0,45953580.0,32981.0,392.7412752797065,0.02818714015317196,0.0008546478321813153
1997,Switzerland,CHE,27872.0,15610650.0,117084.0,238.05131358682655,0.17854477552183926,0.0015249289016589734
1997,Denmark,DNK,10106.0,3781300.0,21976.0,459.8653076083,0.2672625816518129,0.012161566329259778
1997,Croatia,HRV,16948.0,4405158.0,76809.0,220.65122576781368,0.3847308087473821,0.005008928755059721
1997,Poland,POL,97788.0,38292000.0,96541.0,1012.9167918293782,0.2553744907552491,0.002645243893840432
1997,United Kingdom,GBR,340501.0,10108977.0,3070000.0,110.91237785016287,3.368303241762247,0.0010971671797271165
1997,France,FRA,177567.0,5383233.0,164311.0,1080.6762785206104,3.298519681388489,0.02007485610451211
1997,Korea,KOR,354762.0,8846059.0,124730.0,2844.2395574440793,4.010396041898432,0.032152617990045956
1997,Italy,ITA,284410.0,7088906.0,66122.0,4301.291551979673,4.012043607292861,0.06067638013509664
1997,New Zealand,NZL,14007.0,61582000.0,485000.0,28.88041237113402,0.02274528271248092,4.689749012882664e-05
1997,Czech Republic,CZE,38205.0,58314249.0,24777.0,1541.9542317471848,0.06551571983718765,0.0026442151930091474
1997,India,,,272646925.0,67260.0,,,
1997,Türkiye,TUR,111371.0,4711372.0,954186.0,116.71833374205868,2.3638761702535906,0.0024773746106666735
1997,Lithuania,LTU,6923.0,1002335230.0,4483127.0,1.5442346380104781,0.0006906870867943054,1.5406368965106394e-07
1997,Belgium,BEL,70907.0,3575137.0,64016.0,1107.6449637590601,1.9833365826260645,0.03098188863137441
1997,Slovak Republic,SVK,13361.0,1986848.0,58007.0,230.33427000189633,0.67247217703619,0.011592948730949541
1998,Slovenia,SVN,7627.0,10203012.0,190183.0,40.10347928048248,0.07475243584933547,0.0003930552985773464
1998,Portugal,PRT,68468.0,30155173.0,,,0.22705225401956738,
1998,Finland,FIN,9497.0,10294943.0,167449.0,56.71577614676708,0.09224917515327671,0.0005509090836808623
1998,United States,USA,3234000.0,5301304.0,4855.0,666117.4047373842,61.00385867326228,12.565161415707987
1998,Japan,JPN,999890.0,5153499.0,83587.0,11962.266859679137,19.40215764085721,0.23211932047874925
1998,Canada,CAN,216238.0,60011008.0,777323.0,278.18294325524914,0.36033055802028857,0.000463553192199753
1998,Sweden,SWE,21887.0,10266571.0,197895.0,110.59905505444807,0.21318705145077166,0.001077273561488525
1998,Norway,NOR,12472.0,274049.0,815820.0,15.287686009168688,4.551010950596426,0.00557844984260796
1998,Hungary,HUN,27763.0,56906744.0,713486.3555,38.911746224697076,0.04878683623157213,6.837809280512882e-05
1998,Iceland,ISL,1605.0,126486000.0,,,0.0012689151368530905,
1998,Netherlands,NLD,12882.0,46286503.0,32214.0,399.88824734587445,0.027831007237682222,0.0008639413682772155
1998,Switzerland,CHE,28387.0,15707205.0,118077.0,240.410918299076,0.18072597893769132,0.0015305773261320267
1998,Denmark,DNK,9674.0,3815000.0,28939.0,334.2893672898165,0.2535779816513761,0.008762499797898204
1998,Croatia,HRV,18764.0,4431465.0,76086.0,246.6156717398733,0.423426564352872,0.005565104807098179
1998,Poland,POL,91720.0,38283500.0,97809.0,937.7460151928759,0.23958102054409863,0.0024494782744338317
1998,United Kingdom,GBR,338614.0,10160196.0,3469000.0,97.61141539348516,3.3327506674083844,0.0009607237438479056
1998,France,FRA,176972.0,5390866.0,174312.0,1015.2599935747395,3.2828120750914604,0.01883296660638086
1998,Korea,KOR,349621.0,8850975.0,126800.0,2757.263406940063,3.950084595199964,0.031152086712933468
1998,Italy,ITA,307055.0,7110002.0,67529.0,4547.009432984347,4.318634509526158,0.06395229471080806
1998,New Zealand,NZL,13042.0,62464000.0,488368.0,26.705271434655835,0.02087922643442623,4.275306005804276e-05
1998,Czech Republic,CZE,36587.0,58474943.0,25260.0,1448.4164687252573,0.06256868005839697,0.002476986542296001
1998,India,,,275854104.0,68545.0,,,
1998,Türkiye,TUR,131876.0,4659932.0,947563.0,139.1738596800424,2.82999837765873,0.0029866070938383304
1998,Lithuania,LTU,8496.0,1021434576.0,4554468.0,1.8654209448831347,0.0008317713341240957,1.8262755037999954e-07
1998,Belgium,BEL,72260.0,3549331.0,65452.0,1104.015156144961,2.035876620129258,0.03110488021953887
1998,Slovak Republic,SVK,13721.0,1982603.0,58573.0,234.25469072780973,0.6920699706396086,0.011815511765482536
1999,Slovenia,SVN,9314.0,10226419.0,200779.0,46.38931362343671,0.09107782499426241,0.0004536222662442905
1999,Portugal,PRT,67077.0,30401286.0,,,0.22063869271845932,
1999,Finland,FIN,9483.0,10282784.0,164834.0,57.53060654961962,0.09222210638675285,0.0005594847324384098
1999,United States,USA,3278000.0,5319111.0,5145.0,637123.4207968902,61.62683952261947,11.97800573811846
1999,Japan,JPN,1059411.0,5165470.0,83937.0,12621.501840666215,20.509479292300604,0.24434372555965314
1999,Canada,CAN,221437.0,60315406.0,767290.0,288.59622828396044,0.36713174076951416,0.00047847846416545787
1999,Sweden,SWE,22544.0,10237527.0,201465.0,111.90033008214827,0.22020943143788535,0.001093040634541411
1999,Norway,NOR,11764.0,277384.0,777968.0,15.121444583838924,4.241052115478903,0.005451448022899275
1999,Hungary,HUN,25976.0,56916316.0,709177.5351,36.62834581518035,0.045638934185410034,6.435473760315118e-05
1999,Iceland,ISL,1726.0,126686000.0,48622.88,35.497691621722126,0.0013624236300775144,2.8020216615665603e-05
1999,Netherlands,NLD,13574.0,46616677.0,33564.0,404.421403885115,0.029118334625181458,0.0008675466161715366
1999,Switzerland,CHE,30110.0,15812085.0,117710.0,255.7981479908249,0.19042397002039896,0.0016177382552068553
1999,Denmark,DNK,9907.0,3835100.0,38060.0,260.29952706253283,0.2583244243957133,0.006787294387696093
1999,Croatia,HRV,18765.0,4461915.0,77248.0,242.91891052195527,0.42055933382863636,0.005444274723340881
1999,Poland,POL,75179.0,38270000.0,97518.0,770.924342172727,0.19644368957407893,0.002014435176829702
1999,United Kingdom,GBR,333759.0,10217828.0,4252000.0,78.49459078080903,3.266437837865347,0.0007682120973342771
1999,France,FRA,175601.0,5395324.0,182152.0,964.0355307655145,3.254688689687589,0.017867982178002926
1999,Korea,KOR,412320.0,8857879.0,126960.0,3247.6370510396973,4.6548389292741525,0.03666382269434587
1999,Italy,ITA,336375.0,7143991.0,66638.0,5047.7955520873975,4.708502572301673,0.07065792149076612
1999,New Zealand,NZL,12671.0,63364000.0,512736.0,24.71252262372839,0.01999715927024809,3.9000887923313535e-05
1999,Czech Republic,CZE,36165.0,58684427.0,25571.0,1414.297446325916,0.06162623007292889,0.002410004695668096
1999,India,,,279040168.0,69450.0,,,
1999,Türkiye,TUR,130871.0,4605331.0,933005.0,140.2682729460185,2.841728422995003,0.003045780486701575
1999,Lithuania,LTU,8444.0,1040500052.0,4582280.0,1.8427507703588606,0.0008115328763097457,1.7710241982370034e-07
1999,Belgium,BEL,72543.0,3524237.0,65517.0,1107.2393424607353,2.0584029961662624,0.03141784569144287
1999,Slovak Republic,SVK,12113.0,1985557.0,58339.0,207.63125867772845,0.6100555159081306,0.010457078727920097
2000,Slovenia,SVN,11887.0,10251251.0,204339.0,58.172938107752316,0.11595657934821808,0.0005674716003710407
2000,Portugal,PRT,61553.0,30685730.0,,,0.2005916104977786,
2000,Finland,FIN,8904.0,10272503.0,163630.0,54.41544948970238,0.08667799853648132,0.0005297194801471694
2000,United States,USA,3231000.0,5337344.0,5455.0,592300.6416131989,60.535727133195834,11.097291866763673
2000,Japan,JPN,1164780.0,5176203.0,84783.0,13738.367361381408,22.502595048919062,0.265413998666231
2000,Canada,CAN,225752.0,60724780.0,765879.0,294.761966315828,0.37176256546339076,0.00048540639639341296
2000,Sweden,SWE,22623.0,10210965.0,205289.0,110.2007413938399,0.2215559450061772,0.0010792392432433164
2000,Norway,NOR,12003.0,281200.0,779304.0,15.402205044501247,4.268492176386913,0.005477313315967727
2000,Hungary,HUN,23898.0,56942108.0,712903.081,33.52208825704318,0.04196894150810152,5.887047289686427e-05
2000,Iceland,ISL,1520.0,126925843.0,48507.64,31.335270072920473,0.0011975496589768564,2.4687856572219478e-05
2000,Netherlands,NLD,12673.0,47008111.0,33736.0,375.65212236186863,0.026959177321547765,0.0007991219267710388
2000,Switzerland,CHE,30650.0,15925505.0,117951.0,259.85366804859643,0.19245857509699063,0.0016316824367490791
2000,Denmark,DNK,9590.0,3857700.0,42755.0,224.3012513156356,0.24859372164761387,0.0058143777721345775
2000,Croatia,HRV,21156.0,4490973.0,79131.0,267.3541342836562,0.4710783164361042,0.005953144992937081
2000,Poland,POL,77932.0,38258477.5,97202.0,801.7530503487582,0.20369864430700357,0.002095621945093759
2000,United Kingdom,GBR,335003.0,10289898.0,4657000.0,71.93536611552501,3.255649375727534,0.0006990872612685278
2000,France,FRA,169760.0,5400679.0,187593.0,904.9378175091821,3.1433084617693443,0.0167560008196966
2000,Korea,KOR,437220.0,8872112.0,127990.0,3416.0481287600596,4.928026156567906,0.03850321241165643
2000,Italy,ITA,374135.0,7184250.0,69630.0,5373.186844750826,5.2077113129415045,0.07479120081777257
2000,New Zealand,NZL,11524.0,64268751.0,510103.0,22.59151583111646,0.01793095372275089,3.515163353822834e-05
2000,Czech Republic,CZE,33925.0,58886065.0,26139.0,1297.8690845097365,0.057611253188678845,0.0022040343237567945
2000,India,,,282162411.0,69995.0,,,
2000,Türkiye,TUR,142261.0,4548433.0,917938.0,154.97887656900573,3.127692548180879,0.0034073026154063553
2000,Lithuania,LTU,7601.0,1059633677.0,4530078.0,1.6778960538869307,0.0007173233698573739,1.5834680326859135e-07
2000,Belgium,BEL,69431.0,3499534.0,66191.0,1048.949252919581,1.9840070135052266,0.02997396947478096
2000,Slovak Republic,SVK,10722.0,1990272.0,59196.0,181.12710318264746,0.5387203357129076,0.009100620577621926
2001,Slovenia,SVN,12951.0,10286571.0,205158.0,63.12695580966865,0.12590201341146628,0.0006136831778993083
2001,Portugal,PRT,58510.0,31020902.0,,,0.18861476046054365,
2001,Finland,FIN,8844.0,10224192.0,166605.0,53.08364094715044,0.08650072299111754,0.0005191964406297382
2001,United States,USA,3075000.0,5355082.0,5730.0,536649.2146596859,57.42208989516874,10.021307137027703
2001,Japan,JPN,1189796.0,5188005.0,85757.0,13874.039437013887,22.933593934469993,0.26742532894655824
2001,Canada,CAN,219300.0,61163237.0,771178.0,284.37014541389925,0.35854871448350584,0.000464936388853813
2001,Sweden,SWE,22913.0,10187578.0,209959.0,109.1308303049643,0.22491116141638376,0.0010712146724664517
2001,Norway,NOR,11797.0,284970.0,779713.0,15.129926011237467,4.139734007088466,0.005309304843049257
2001,Hungary,HUN,25388.0,56976976.0,713789.5654,35.56790576753926,0.044558349323417935,6.2425050019396e-05
2001,Iceland,ISL,1302.0,127291000.0,48367.23,26.919052424544468,0.0010228531475123927,2.114764784984364e-05
2001,Netherlands,NLD,12112.0,47370164.0,33731.0,359.07622068720167,0.02556883695821699,0.0007580219073913311
2001,Switzerland,CHE,30704.0,16046182.0,120171.0,255.50257549658406,0.19134769878591681,0.0015922951359805344
2001,Denmark,DNK,8896.0,3880500.0,42289.0,210.3620326798931,0.2292488081432805,0.005421003290294888
2001,Croatia,HRV,22740.0,4513747.0,81059.0,280.5363994127734,0.5037942977309096,0.006215155599389451
2001,Poland,POL,73728.0,38248076.0,97722.0,754.4667526247928,0.19276263726311357,0.0019725613194890973
2001,United Kingdom,GBR,326451.0,10362721.5,5482000.0,59.54961692812842,3.150243881397372,0.0005746522950378279
2001,France,FRA,161665.0,5379780.0,209115.0,773.0913612127298,3.0050485335831576,0.014370315537303195
2001,Korea,KOR,394636.0,8895963.0,130810.0,3016.8641541166576,4.436124565715932,0.03391273270939479
2001,Italy,ITA,380382.0,7226647.0,70447.0,5399.548596817466,5.263602885266154,0.07471720421403545
2001,New Zealand,NZL,12932.0,65166330.5,503471.0,25.68568994043351,0.019844603648505266,3.941558431072548e-05
2001,Czech Republic,CZE,35010.0,59113016.0,27590.0,1268.9380210221095,0.059225535032758264,0.002146630483246041
2001,India,,,284968955.0,71325.0,,,
2001,Türkiye,TUR,120589.0,4299642.0,919062.0,131.20877590412832,2.8046288504949946,0.0030516209466771495
2001,Lithuania,LTU,7809.0,1078970908.0,5846312.0,1.3357138654249037,0.000723745185537477,1.2379516959366468e-07
2001,Belgium,BEL,66780.0,3470818.0,67815.0,984.7378898473788,1.924042113415339,0.028371925288141836
2001,Slovak Republic,SVK,11464.0,1992035.0,60943.0,188.11020133567433,0.5754918964777226,0.00944311728135672
2002,Slovenia,SVN,14198.0,10332786.0,306660.0,46.29883258331703,0.1374072781532493,0.00044807695217259923
2002,Portugal,PRT,58054.0,31360079.0,,,0.18512070712576967,
2002,Finland,FIN,8571.0,10200774.0,163236.0,52.50679997059472,0.0840230358990406,0.0005147334895429966
2002,United States,USA,2969000.0,5374255.0,5587.0,531412.2069088956,55.244866497775035,9.88810927112494
2002,Japan,JPN,1176425.0,5200598.0,87626.684209783,13425.41955808319,22.620956282335225,0.2581514579300917
2002,Canada,CAN,225586.0,61604550.0,756610.0,298.1536062172057,0.3661839912798649,0.0004839798459970988
2002,Sweden,SWE,25307.0,10158610.0,220343.0,114.85275229982346,0.24911872785745295,0.0011305951532721845
2002,Norway,NOR,12705.0,287516.0,778797.0,16.313622163413573,4.41888451425312,0.00567398759144311
2002,Hungary,HUN,27407.0,57089823.0,709811.338,38.61166838673406,0.048006804995699495,6.763318987122112e-05
2002,Iceland,ISL,1514.0,127435000.0,48817.44,31.01350664844367,0.001188056656334602,2.433672589825689e-05
2002,Netherlands,NLD,12084.0,47644736.0,32962.0,366.60396820581275,0.025362717929636548,0.0007694532470613601
2002,Switzerland,CHE,30287.0,16148921.0,119160.0,254.1708627056059,0.18754813402084264,0.0015739185466670243
2002,Denmark,DNK,9254.0,3948500.0,40943.0,226.02154214395622,0.23436748132202104,0.005724238119386001
2002,Croatia,HRV,24550.0,4538157.0,81749.0,300.3094839080601,0.5409685032932973,0.0066174326694307855
2002,Poland,POL,73325.0,38232301.0,96756.0,757.8341394848899,0.19178809038985123,0.0019821829177503335
2002,United Kingdom,GBR,314519.0,10419630.5,6182000.0,50.87657715949531,3.018523545532637,0.00048827621247697135
2002,France,FRA,145081.0,5378809.0,206098.0,703.9418140884434,2.6972699718469273,0.013087317547219902
2002,Korea,KOR,355371.0,8924960.0,130620.0,2720.6476802939824,3.9817657446083796,0.030483584019356753
2002,Italy,ITA,385471.0,7284754.0,70984.0,5430.392764566663,5.291475868642922,0.07454462792520739
2002,New Zealand,NZL,14468.0,66002505.5,,,0.021920379977090416,
2002,Czech Republic,CZE,35820.0,59365677.0,28024.0,1278.190122751927,0.060337895245429436,0.0021530793336222327
2002,India,,,287625193.0,70940.0,,,
2002,Türkiye,TUR,120505.0,4302174.0,905907.0,133.0213807819125,2.801025713976236,0.0030919572472408717
2002,Lithuania,LTU,8125.0,1098313040.0,5654260.0,1.4369696476638854,0.0007397708762521839,1.3083425174155133e-07
2002,Belgium,BEL,66342.0,3443067.0,67791.0,978.6254812585742,1.9268286094926412,0.028423073999389908
2002,Slovak Republic,SVK,10889.0,1995718.0,62103.0,175.33774535851728,0.5456181684987558,0.008785697446158088
2003,Slovenia,SVN,16945.0,10376131.0,310787.0,54.52287257832535,0.16330749871989858,0.0005254643814570706
2003,Portugal,PRT,56614.0,31644028.0,,,0.17890895558555314,
2003,Finland,FIN,9467.0,10201651.0,,,0.0927987048370896,
2003,United States,USA,2932000.0,5387174.0,5647.0,519213.74180981045,54.4255670969603,9.637961235516256
2003,Japan,JPN,1189449.0,5213010.0,90239.259008148,13181.059032107087,22.81693301950313,0.25284929497750985
2003,Canada,CAN,218900.0,62037544.0,757177.0,289.10017076588434,0.35285084786722054,0.0004660084073700344
2003,Sweden,SWE,27632.0,10129554.0,226661.0,121.90893007619307,0.27278594891739555,0.0012034975091321206
2003,Norway,NOR,12131.0,289522.0,821618.0,14.764769028916115,4.190009740192456,0.005099705386435613
2003,Hungary,HUN,27953.0,57399187.0,706186.1861,39.5830455908149,0.04869929603706756,6.896098648716906e-05
2003,Iceland,ISL,1244.0,127619000.0,48028.54,25.901266205468666,0.0009747764831255533,2.0295775868380622e-05
2003,Netherlands,NLD,11684.0,47892330.0,31715.0,368.4061169793473,0.024396390820826633,0.000769238241236848
2003,Switzerland,CHE,30644.0,16225303.0,118660.0,258.2504635091859,0.18886550223438048,0.0015916526397638671
2003,Denmark,DNK,8844.0,4027200.0,38437.0,230.09079792907875,0.21960667461263408,0.005713418701059763
2003,Croatia,HRV,26854.0,4564856.0,81784.0,328.3527340311063,0.5882770453219116,0.007193057875891514
2003,Poland,POL,69540.0,38195177.0,,,0.18206487169832988,
2003,United Kingdom,GBR,300932.0,10458821.0,7192000.0,41.842602892102335,2.877303283037352,0.00040006997817538257
2003,France,FRA,121660.0,5378950.0,212464.0,572.6146547179758,2.261779715371959,0.010645472717128358
2003,Korea,KOR,383715.0,8958232.0,131060.0,2927.7811689302607,4.283378684544004,0.032682578090523454
2003,Italy,ITA,363038.0,7339002.0,70477.0,5151.155696184571,4.946694387056986,0.0701887762966214
2003,New Zealand,NZL,14989.0,66794551.0,,,0.022440453263919687,
2003,Czech Republic,CZE,36885.0,59636662.0,28971.0,1273.1697214455835,0.06184953812471933,0.0021348775715273657
2003,India,,,290107933.0,71870.0,,,
2003,Türkiye,TUR,122160.0,4303399.0,898720.0,135.9266512373153,2.8386863500223893,0.0031585881587395284
2003,Lithuania,LTU,7975.0,1117415124.0,5984972.0,1.3325041453828022,0.0007137007392071061,1.1924880169984187e-07
2003,Belgium,BEL,66602.0,3415213.0,67236.0,990.5705276934975,1.950156549532928,0.029004648544424538
2003,Slovak Republic,SVK,11974.0,1996773.0,62744.0,190.83896468188195,0.599667563613891,0.009557369049054748
2004,Slovenia,SVN,18997.0,10421136.0,378863.0,50.14213581162584,0.18229298610055564,0.000481158060039
2004,Portugal,PRT,53144.0,31940655.0,,,0.16638356351803055,
2004,Finland,FIN,9166.0,10206923.0,,,0.08980179433116131,
2004,United States,USA,2831000.0,5401177.0,5596.0,505897.0693352395,52.41450150587548,9.366422713701837
2004,Japan,JPN,1191053.0,5228173.0,92419.387321189,12887.479938172313,22.78143818117725,0.24650064062861562
2004,Canada,CAN,208839.0,62490800.0,763941.0,273.37058751919324,0.33419159300248996,0.00043745733375023723
2004,Sweden,SWE,27062.0,10107140.0,230461.0,117.42550800352338,0.26775131243853356,0.0011618074747507543
2004,Norway,NOR,12378.0,292077.0,800609.0,15.460730518892493,4.237923561252684,0.005293374869946108
2004,Hungary,HUN,29350.0,57828178.0,695783.8464,42.18264070351375,0.05075380379440625,7.294478602371623e-05
2004,Iceland,ISL,1179.0,127687000.0,46994.78,25.08789274042777,0.0009233516332907814,1.9647961609582628e-05
2004,Netherlands,NLD,10368.0,48082519.0,32021.0,323.78751444364633,0.021562930178429297,0.0006733996495558943
2004,Switzerland,CHE,29256.0,16281777.0,117935.0,248.06885148598803,0.17968554660833397,0.0015235981397238643
2004,Denmark,DNK,7915.0,4087500.0,34917.0,226.6804135521379,0.19363914373088686,0.005545698190877991
2004,Croatia,HRV,24879.0,4591909.0,74386.0,334.4580969537279,0.5418008065926394,0.007283639483137142
2004,Poland,POL,70373.0,38180249.0,,,0.1843178131185053,
2004,United Kingdom,GBR,290347.0,10483861.0,8409000.0,34.52812462837436,2.7694663254310603,0.0003293455018945249
2004,France,FRA,113959.0,5382574.0,226913.0,502.21450511870194,2.1171840833028956,0.009330378088971967
2004,Korea,KOR,353550.0,8993534.0,126773.0,2788.8430501762996,3.931157651708438,0.031009423550033832
2004,Italy,ITA,349301.0,7389626.0,68845.0,5073.730844651028,4.726910401148854,0.068660184489053
2004,New Zealand,NZL,14535.0,67598736.0,,,0.02150188133695281,
2004,Czech Republic,CZE,35636.0,59950364.0,28819.0,1236.5453346750407,0.05944250813889971,0.0020626152239459974
2004,India,,,292805298.0,72285.0,,,
2004,Türkiye,TUR,140864.0,4304600.0,876951.0,160.62927119075067,3.2724062630674164,0.0037315725314953927
2004,Lithuania,LTU,8614.0,1136264580.0,5989833.0,1.4381035331035106,0.0007580980831066651,1.2656414345886857e-07
2004,Belgium,BEL,64155.0,3377075.0,66612.0,963.1147540983607,1.8997209123279761,0.02851919942845097
2004,Slovak Republic,SVK,11798.0,1997004.0,62718.0,188.1118658120476,0.590784995923894,0.009419704007205173
2005,Slovenia,SVN,14572.0,10478620.0,363318.0,40.10811465437991,0.139064113404246,0.00038276141948443505
2005,Portugal,PRT,50343.0,32243753.0,28387.0,1773.4526367703527,0.15613256930730116,0.005500143351086806
2005,Finland,FIN,9362.0,10234092.0,,,0.09147856009111507,
2005,United States,USA,2742000.0,5415978.0,5392.0,508531.15727002965,50.627975224419295,9.389461280493192
2005,Japan,JPN,1164050.0,5246100.0,93400.149412342,12463.042161324222,22.188864108575896,0.2375677581693872
2005,Canada,CAN,207599.0,62958328.0,764529.0,271.5384243109156,0.3297403323671493,0.00043129865886990453
2005,Sweden,SWE,26899.0,10087064.0,229229.0,117.34553655951035,0.266668279293162,0.0011633269756146124
2005,Norway,NOR,11438.0,296734.0,767772.0,14.89765190707658,3.854630746729394,0.005020540924557544
2005,Hungary,HUN,28783.0,58166684.0,696289.4127,41.337695899163855,0.049483652875931525,7.106765085519376e-05
2005,Iceland,ISL,1032.0,127767994.0,47782.34,21.597937648093417,0.0008077140195219782,1.6904028130936622e-05
2005,Netherlands,NLD,10218.0,48184561.0,32225.0,317.08301008533743,0.021205962631889497,0.0006580593524248097
2005,Switzerland,CHE,27163.0,16319871.0,119294.0,227.69795630962162,0.16644126660069802,0.0013952190940089025
2005,Denmark,DNK,6919.0,4133900.0,32308.0,214.15748421443607,0.1673722150995428,0.005180519224326569
2005,Croatia,HRV,22370.0,4623293.0,74757.0,299.2361919285151,0.48385425712798213,0.00647236054319973
2005,Poland,POL,66635.0,38161313.0,,,0.17461401288786893,
2005,United Kingdom,GBR,279176.0,10503330.0,9478000.0,29.45515931631146,2.65797608948781,0.0002804363884245421
2005,France,FRA,113394.0,5387285.0,242265.0,468.05770540523804,2.1048450193371986,0.008688192761386078
2005,Korea,KOR,348609.0,9029567.0,127640.0,2731.189282356628,3.860749911928224,0.03024717887753231
2005,Italy,ITA,340676.0,7437116.0,68510.0,4972.646329003065,4.580754152550532,0.06686256243687828
2005,New Zealand,NZL,15059.0,68435380.0,,,0.02200469990814693,
2005,Czech Republic,CZE,33497.0,60413276.0,,,0.05544642207451223,
2005,India,IND,560250.0,295516599.0,73030.0,7671.504861016021,0.18958325924697042,0.00259596411402123
2005,Türkiye,TUR,158591.0,4310145.0,867573.0,182.79845038976546,3.6794817807753564,0.0042411206673967
2005,Lithuania,LTU,9239.0,1154638709.0,6046500.0,1.5279913999834616,0.0008001637159732533,1.323350229013898e-07
2005,Belgium,BEL,64244.0,3322528.0,66612.0,964.4508496967513,1.9335879185969236,0.029027621428525247
2005,Slovak Republic,SVK,11090.0,2001114.0,63701.0,174.09459820097015,0.5541913154373014,0.008699884074618944
2006,Slovenia,SVN,16337.0,10547956.0,355200.0,45.993806306306304,0.15488308824951488,0.00043604473043219277
2006,Portugal,PRT,47987.0,32571174.0,29396.0,1632.4329840794667,0.14732966026953773,0.005011894824790371
2006,Finland,FIN,8916.0,10266646.0,,,0.08684433066066562,
2006,United States,USA,2575000.0,5434567.0,5454.0,472130.54638797214,47.381879733932806,8.687546705891604
2006,Japan,JPN,1104979.0,5266266.0,94987.570779686,11632.87986975566,20.9822101656088,0.22089427062278394
2006,Canada,CAN,202847.0,63393406.0,821372.0,246.96118202227493,0.3199812295935006,0.0003895691959227982
2006,Sweden,SWE,27081.0,10071374.0,228743.0,118.3905081248388,0.26889081867081893,0.0011755149607674067
2006,Norway,NOR,11368.0,303784.0,680180.0,16.71322297039019,3.7421325678771757,0.005501679802224669
2006,Hungary,HUN,29280.0,58399863.0,703196.6883,41.63842135091011,0.05013710391752118,7.129883395601477e-05
2006,Iceland,ISL,1358.0,127900515.0,47903.12,28.34888416453876,0.0010617627301969816,2.2164792819277358e-05
2006,Netherlands,NLD,9862.0,48438292.0,32235.0,305.9407476345587,0.02035992516003661,0.0006316092805967615
2006,Switzerland,CHE,27088.0,16346096.0,118479.0,228.63123422716262,0.16571540996700376,0.0013986901473425986
2006,Denmark,DNK,6821.0,4184600.0,36578.0,186.47821094647054,0.16300243750896143,0.004456297159739773
2006,Croatia,HRV,23750.0,4660673.0,73275.0,324.1214602524736,0.5095830580690814,0.006954391785316704
2006,Poland,POL,64366.0,38132277.0,,,0.1687966338857761,
2006,United Kingdom,GBR,267586.0,10522288.0,10393000.0,25.74675262195709,2.5430400688519454,0.00024468777723967534
2006,France,FRA,106834.0,5391184.0,258874.0,412.68725325834185,1.9816426224740242,0.007654853799431476
2006,Korea,KOR,346556.0,9080506.0,128046.0,2706.4961029629976,3.816483354561959,0.02980556483265357
2006,Italy,ITA,338624.0,7483935.0,68661.0,4931.824470951487,4.5246785280738,0.06589881487414691
2006,New Zealand,NZL,15789.0,69295253.0,,,0.02278511054718279,
2006,Czech Republic,CZE,29177.0,60827067.0,,,0.04796713278974967,
2006,India,IND,602230.0,298379912.0,72810.0,8271.25394863343,0.20183329231627362,0.0027720545572898453
2006,Türkiye,TUR,173713.0,4311159.0,892157.0,194.71124476969862,4.0293804983764225,0.0045164477758695195
2006,Lithuania,LTU,9012.0,1172373786.0,6121616.0,1.4721602923149704,0.000768696819019459,1.2557089811243617e-07
2006,Belgium,BEL,64558.0,3269909.0,67039.0,962.9916914035114,1.9743057069783898,0.029450106758430017
2006,Slovak Republic,SVK,11300.0,2008516.0,64482.0,175.24270339009334,0.5626044303356309,0.008724984186837115
2007,Slovenia,SVN,16330.0,10624835.0,359928.0,45.370185148140735,0.15369650446336344,0.00042702013864818355
2007,Portugal,PRT,47172.0,32889025.0,29652.0,1590.8539053014974,0.14342778480055277,0.004837035775008524
2007,Finland,FIN,8826.0,10322689.0,,,0.08550097750692673,
2007,United States,USA,2532000.0,5457415.0,5611.0,451256.4605239708,46.39559205228117,8.268685092190548
2007,Japan,JPN,1040448.0,5288719.0,96362.440481672,10797.235881524728,19.672968066558273,0.20415597579536232
2007,Canada,CAN,195498.0,63781275.0,827658.0,236.20625910702248,0.3065131576626526,0.00037033793869285694
2007,Sweden,SWE,27220.0,10055778.0,231117.0,117.77584513471531,0.2706901445119413,0.0011712255892554044
2007,Norway,NOR,12315.0,311567.0,722138.0,17.053527165167875,3.9526008852028616,0.005473470285738822
2007,Hungary,HUN,28684.0,58756247.0,699484.0759,41.007366698224494,0.0488186388078871,6.979235194893318e-05
2007,Iceland,ISL,1673.0,128032743.0,48988.48,34.15088608587161,0.0013066969907846151,2.6673556533793558e-05
2007,Netherlands,NLD,10474.0,48683638.0,32321.0,324.0617555149903,0.021514415171684582,0.0006656481907021622
2007,Switzerland,CHE,27516.0,16381696.0,118568.0,232.06936104176506,0.16796795643137316,0.001416638185947078
2007,Denmark,DNK,7062.0,4223800.0,35846.0,197.00942922501812,0.1671954164496425,0.004664269833444248
2007,Croatia,HRV,25711.0,4709156.0,73676.0,348.9738856615451,0.5459789397505626,0.007410539928206777
2007,Poland,POL,68807.0,38115967.0,,,0.18052014789497536,
2007,United Kingdom,GBR,257216.0,10542963.5,11756000.0,21.879550867642056,2.4396935453679602,0.00020752752172235116
2007,France,FRA,107821.0,5397766.0,268178.0,402.0501308832193,1.9975115631170377,0.007448454247242642
2007,Korea,KOR,342072.0,9148093.0,121530.0,2814.7124166872377,3.739271124593945,0.030768296919229367
2007,Italy,ITA,330981.0,7551117.0,68788.0,4811.609583066815,4.383205822396872,0.063720500994314
2007,New Zealand,NZL,16628.0,70158111.5,,,0.023700751979334564,
2007,Czech Republic,CZE,30465.0,61319075.0,,,0.04968274554043746,
2007,India,IND,627784.0,301231207.0,72655.0,8640.61661275893,0.20840603012290157,0.0028684334199009236
2007,Türkiye,TUR,194064.0,4310217.0,889795.0,218.09967464415962,4.502418323717809,0.005060062512958388
2007,Lithuania,LTU,8783.0,1189691811.0,6162599.0,1.4252103698455798,0.0007382584227941701,1.1979660250393871e-07
2007,Belgium,BEL,65445.0,3231294.0,67551.0,968.8235555358174,2.025349596786922,0.029982525747759795
2007,Slovak Republic,SVK,11971.0,2019406.0,65224.0,183.53673494419232,0.5927980802275521,0.009088649580331657
2008,Slovenia,SVN,12623.0,10709108.0,368516.0,34.25360092913198,0.11787162852405633,0.0003198548462592027
2008,Portugal,PRT,44709.0,33247118.0,29705.0,1505.1001514896482,0.13447481372671158,0.004527009383158107
2008,Finland,FIN,8857.0,10429692.0,,,0.08492101204906147,
2008,United States,USA,2383000.0,5489022.0,5899.0,403966.77402949653,43.41392692541586,7.359540078897417
2008,Japan,JPN,950912.0,5313398.0,97720.369848966,9730.949662488018,17.89649486072754,0.18313986007613242
2008,Canada,CAN,178825.0,64133174.0,839737.0,212.9535795135858,0.27883385282007095,0.00033204902584984457
2008,Sweden,SWE,26645.0,10038186.0,236190.0,112.81171937846649,0.26543640454560213,0.001123825752765156
2008,Norway,NOR,11123.0,317404.0,745726.0,14.915666075743639,3.5043666746480824,0.004699268464084775
2008,Hungary,HUN,26365.0,59211183.0,716223.8557,36.811116790060304,0.044527061720756364,6.216919663648724e-05
2008,Iceland,ISL,1585.0,128083960.0,,,0.0012374695473188057,
2008,Netherlands,NLD,10060.0,49054708.0,32532.0,309.2339849993852,0.020507715589704458,0.0006303859458288595
2008,Switzerland,CHE,25913.0,16445590.0,120664.0,214.7533647152423,0.1575680775210862,0.0013058416555152008
2008,Denmark,DNK,6329.0,4259800.0,27038.0,234.0779643464753,0.14857505047185313,0.00549504587883176
2008,Croatia,HRV,23059.0,4768215.0,76270.0,302.33381408155236,0.4835981598984106,0.006340607839234439
2008,Poland,POL,67534.0,38115909.0,,,0.17718060980783643,
2008,United Kingdom,GBR,240456.0,10558176.5,13403000.0,17.940461090800568,2.2774387224915214,0.00016992007181164823
2008,France,FRA,98073.0,5406972.0,276073.0,355.2429973231718,1.8138248172914526,0.006570091306616194
2008,Korea,KOR,344832.0,9219639.0,123980.0,2781.351830940474,3.7401898273891203,0.030167686944580736
2008,Italy,ITA,315470.0,7647676.0,70162.677,4496.265158183745,4.1250440002949915,0.0587925685944821
2008,New Zealand,NZL,15724.0,71051689.0,,,0.022130367653892084,
2008,Czech Republic,CZE,29577.0,61823772.0,,,0.047840820841536486,
2008,India,IND,643053.0,304093966.0,73060.0,8801.710922529426,0.2114652284813833,0.002894404988795281
2008,Türkiye,TUR,188704.0,4309705.0,876322.0,215.336371790278,4.378582756824423,0.004996545512750363
2008,Lithuania,LTU,6317.0,1206734805.0,6181776.0,1.0218746198503472,0.00052347872737457,8.468096019243824e-08
2008,Belgium,BEL,63941.0,3198231.0,67026.550518915,953.9652496655896,1.9992614667295765,0.029827903289837084
2008,Slovak Republic,SVK,11646.0,2022629.0,67273.0,173.11551439656324,0.5757852774779754,0.008558935642501084
2009,Slovenia,SVN,12285.0,10796498.0,378044.0,32.49621737152289,0.11378689645475783,0.0003009884998961968
2009,Portugal,PRT,47151.0,33628895.0,29770.0,1583.8427947598252,0.14020978090418967,0.0047097675815985784
2009,Finland,FIN,8336.0,10491492.0,,,0.07945485732629831,
2009,United States,USA,2251000.0,5519441.0,6296.0,357528.5895806862,40.783115536519006,6.477623179243808
2009,Japan,JPN,916194.0,5338867.0,99158.08360765,9239.730808283955,17.16083206418141,0.1730653865002435
2009,Canada,CAN,172986.0,64458715.0,851217.0,203.2219751250269,0.26836712460060674,0.0003152746298542049
2009,Sweden,SWE,25639.0,10022647.0,238150.0,107.65903842116313,0.2558106655856482,0.001074157739179711
2009,Norway,NOR,10056.0,318501.0,778858.0,12.911211029481626,3.1572899300159185,0.0040537426976623705
2009,Hungary,HUN,24096.0,59555456.0,721385.3778,33.40239591975827,0.04045976912677824,5.6086206307879287e-05
2009,Iceland,ISL,1299.0,128031514.0,,,0.0010145939537979688,
2009,Netherlands,NLD,7744.0,49307835.0,32799.0,236.1047592914418,0.015705414768261473,0.0004788382197097922
2009,Switzerland,CHE,25479.0,16530387.0,122392.0,208.17537093927706,0.15413432244508252,0.0012593496506722863
2009,Denmark,DNK,5250.0,4302600.0,27322.0,192.15284386208916,0.12201924417793893,0.004465970433274977
2009,Croatia,HRV,22471.0,4828716.0,79700.9,281.94160919136425,0.46536180632698215,0.0058388525892051684
2009,Poland,POL,60618.0,38153389.0,,,0.15887972625446195,
2009,United Kingdom,GBR,231913.0,10568246.5,15415000.0,15.044631852092119,2.194432160529185,0.00014235693548681058
2009,France,FRA,95207.0,5418374.0,290734.0,327.4711592039459,1.7571138500221652,0.0060437164212722464
2009,Korea,KOR,367713.0,9298512.0,122240.0,3008.1233638743456,3.954535951558701,0.032350588608955344
2009,Italy,ITA,311495.0,7743832.0,72220.7766,4313.094024524793,4.022491706948188,0.055697153870652064
2009,New Zealand,NZL,15087.0,72039215.0,,,0.02094276013418525,
2009,Czech Republic,CZE,28145.0,62260486.0,,,0.04520523659259582,
2009,India,IND,641118.0,306771529.0,73835.0,8683.117762578722,0.20898875527656935,0.0028304835819945736
2009,Türkiye,TUR,205704.0,4305181.0,879935.0,233.7718126907101,4.778056950451096,0.005430011251343674
2009,Lithuania,LTU,4796.0,1223640159.0,6393041.818112,0.7501906191842118,0.0003919452924722128,6.130810709884619e-08
2009,Belgium,BEL,62338.0,3162916.0,67544.075461366,922.9232848950049,1.9709027998214306,0.029179506660784067
2009,Slovak Republic,SVK,8918.0,2042335.0,68789.0,129.64282079983718,0.436657061647575,0.006347774522780895
2010,Slovenia,SVN,10454.0,10895591.0,373919.0,27.957926716748815,0.09594706702922311,0.0002565985334503545
2010,Portugal,PRT,47302.0,34004889.0,29983.0,1577.627322149218,0.1391035271428176,0.004639413238929313
2010,Finland,FIN,7945.0,10517247.0,,,0.0755425825788821,
2010,United States,USA,2272000.0,5543819.0,7301.0,311190.24791124504,40.98257897669458,5.613282971742855
2010,Japan,JPN,901245.0,5363341.0,101275.7072384,8898.925759940596,16.80379822949911,0.16592131210640151
2010,Canada,CAN,174319.0,64773169.0,865017.0,201.52089496507006,0.2691222348562257,0.0003111178564770701
2010,Sweden,SWE,23571.0,10000020.0,250092.0,94.2493162516194,0.23570952858094282,0.000942491277533639
2010,Norway,NOR,9338.0,318044.0,806855.0,11.573331019823884,2.936071738501591,0.003638908773573431
2010,Hungary,HUN,21657.0,59819402.0,731444.369,29.60854019507805,0.036203972751181965,4.9496549957283166e-05
2010,Iceland,ISL,1261.0,128057352.0,,,0.000984715036119129,
2010,Netherlands,,,49554112.0,33665.0,,,
2010,Switzerland,CHE,24564.0,16615390.0,104243.0,235.64172174630428,0.14783884097815336,0.0014182136064594588
2010,Denmark,DNK,4408.0,4350700.0,28215.0,156.2289562289562,0.10131702944353783,0.003590892413380748
2010,Croatia,HRV,18759.0,4889253.0,82512.1,227.3484737390031,0.3836782428726842,0.004649963373525631
2010,Poland,POL,52859.0,38516689.0,,,0.13723661449715993,
2010,United Kingdom,GBR,217605.0,10573100.0,17496000.0,12.43741426611797,2.058100273335162,0.00011763261736026304
2010,France,FRA,88453.0,5431024.0,300852.0,294.00834962041137,1.628661556273734,0.00541349752128533
2010,Korea,KOR,357963.0,9378131.0,119500.0,2995.5062761506274,3.8169972247135386,0.031941399369987765
2010,Italy,ITA,308834.0,7824910.0,74976.9021,4119.055220340985,3.94680577795783,0.05264028877445217
2010,New Zealand,NZL,14504.0,73142162.0,,,0.019829875961282085,
2010,Czech Republic,CZE,25186.0,62759456.0,,,0.040131004322280936,
2010,India,IND,662025.0,309327143.0,65262.0,10144.111427783397,0.21402098554280444,0.0032794119938525396
2010,Türkiye,TUR,215541.0,4295427.0,891479.0,241.77911089324593,5.01791789267982,0.0056287561374747126
2010,Lithuania,LTU,4529.0,1240613620.0,6512056.0,0.6954792772052328,0.00036506128314148283,5.6059297269784346e-08
2010,Belgium,BEL,59872.0,3097282.0,66544.317598197,899.7312191480377,1.9330496867899016,0.029049057178133525
2010,Slovak Republic,SVK,8503.0,2049261.0,69251.0,122.78523053818716,0.41493006503319974,0.005991683369672636
2011,Slovenia,SVN,9814.0,10993609.0,381854.0,25.70092234204696,0.08927004771590476,0.0002337805750781837
2011,Portugal,PRT,42851.0,34339328.0,30339.0,1412.4064735159366,0.1247869498203343,0.004113087109671851
2011,Finland,FIN,8223.0,10496672.0,,,0.0783391154834599,
2011,United States,USA,2249000.0,5566856.0,7984.0,281688.376753507,40.39982352696028,5.060098137144323
2011,Japan,JPN,859305.0,5388272.0,103104.041618,8334.348358367184,15.947691579044266,0.15467571715695094
2011,Canada,CAN,169764.0,65087317.0,873037.0,194.4522397103445,0.26082500834993705,0.00029875596148838717
2011,Sweden,SWE,22679.0,9958824.0,257610.0,88.03617871977019,0.2277276915426962,0.0008840017528150933
2011,Norway,NOR,8531.0,319011.0,847598.0,10.064912847835883,2.6742024569685685,0.0031550362990103425
2011,Hungary,HUN,20810.0,60026844.0,745354.94,27.91958419166042,0.0346678229493458,4.6511830926277616e-05
2011,Iceland,ISL,1217.0,127834233.0,47652.988000046,25.53879727329638,0.0009520141604009938,1.997805804748434e-05
2011,Netherlands,,,49936638.0,34050.0,,,
2011,Switzerland,CHE,23562.0,16693074.0,106088.0,222.09863509539252,0.1411483588942336,0.0013304837389170655
2011,Denmark,DNK,4259.0,4384000.0,33835.0,125.87557263189007,0.09714872262773722,0.0028712493757274194
2011,Croatia,HRV,18483.0,4953089.0,85504.8,216.16330311280768,0.37316107180791624,0.004364211971818146
2011,Poland,POL,53690.0,38525670.0,,,0.1393616256381784,
2011,United Kingdom,GBR,212710.0,10574535.5,19718000.0,10.787605233796532,2.0115304355448993,0.00010201493232299926
2011,France,FRA,85214.0,5398384.0,314734.0,270.74926763552713,1.5785094205969785,0.005015376224357644
2011,Korea,KOR,346620.0,9449216.0,,,3.6682408360651295,
2011,Italy,ITA,295879.0,7912396.0,78745.268,3757.4194299522865,3.73943619606501,0.04748775756360382
2011,New Zealand,NZL,12960.0,74223642.0,,,0.0174607438422383,
2011,Czech Republic,CZE,26322.0,63285145.0,,,0.041592699202948814,
2011,India,IND,653897.0,311583481.0,74800.0,8741.938502673796,0.20986253760994475,0.002805648898528673
2011,Türkiye,TUR,241909.0,4280622.0,904967.0,267.31250973792413,5.651258158276998,0.006244711860517563
2011,Lithuania,LTU,4215.0,1257621190.0,6558301.0,0.6426969423940744,0.0003351565665015552,5.1104175685372664e-08
2011,Belgium,BEL,62195.0,3028115.0,,,2.0539180315146552,
2011,Slovak Republic,SVK,7382.0,2052496.0,70548.0,104.63797698021206,0.35965965341710776,0.005098084331477969
2012,Slovenia,SVN,9278.0,11067748.0,387268.0,23.957569435119865,0.08382915837982578,0.00021646291038718865
2012,Portugal,PRT,38823.0,34714222.0,29437.0,1318.8504263342054,0.11183600773193188,0.0037991645796763224
2012,Finland,FIN,7343.0,10509286.0,,,0.06987154027400148,
2012,United States,USA,2396000.0,5587085.0,8235.0,290953.24833029753,42.88461693351721,5.20760375634696
2012,Japan,JPN,829830.0,5413967.0,104331.24281709,7953.8015420254305,15.327577726277239,0.14691263434050172
2012,Canada,CAN,168802.0,65402998.0,871780.0,193.62912661451284,0.25809520230249994,0.00029605542946901735
2012,Sweden,SWE,23110.0,9920364.0,262156.0,88.1536184561864,0.23295516172592057,0.0008886127409859798
2012,Norway,NOR,8340.0,320723.0,825494.0,10.103041330403371,2.6003747782354245,0.0031500831965288957
2012,Hungary,HUN,19584.0,60191243.0,756707.0623,25.880556658840632,0.032536294357636046,4.299721249956681e-05
2012,Iceland,ISL,1044.0,127592657.0,50043.464372811,20.86186504240528,0.0008182289048185587,1.6350364929233568e-05
2012,Netherlands,,,50199853.0,34699.0,,,
2012,Switzerland,CHE,22557.0,16754963.0,107074.0,210.66738890860526,0.13462876641386795,0.0012573432057630045
2012,Denmark,DNK,3778.0,4408100.0,32702.0,115.5281022567427,0.08570585966743041,0.002620814007321583
2012,Croatia,HRV,16403.0,5018574.0,88921.4,184.46628145755693,0.32684583309920306,0.0036756712456079543
2012,Poland,POL,49369.0,38533789.0,,,0.1281187271773352,
2012,United Kingdom,GBR,204733.0,10531419.5,,,1.9440209365888428,
2012,France,FRA,79504.0,5407579.0,329363.0,241.38716249244754,1.4702327973386982,0.00446386751802327
2012,Korea,KOR,349957.0,9519379.0,,,3.6762587139350162,
2012,Italy,ITA,270617.0,7996861.0,82606.9168,3275.960542810139,3.3840403128177416,0.04096558065483618
2012,New Zealand,NZL,12528.0,75175836.0,,,0.016664929406305505,
2012,Czech Republic,CZE,26257.0,63705030.0,,,0.041216525602452425,
2012,India,IND,647925.0,313877662.0,74800.0,8662.098930481283,0.20642596732481075,0.0027597054455188604
2012,Türkiye,TUR,271829.0,4267558.0,917921.0,296.1355062145871,6.36966152539696,0.006939226279164504
2012,Lithuania,LTU,4253.0,1274487217.0,,,0.0003337028369740016,
2012,Belgium,BEL,57146.0,2987773.0,,,1.9126620395860061,
2012,Slovak Republic,SVK,6790.0,2056262.0,71131.0,95.45767668105327,0.330210838891153,0.004642291530994264
2013,Slovenia,SVN,8867.0,11125033.0,387957.0,22.855625752338533,0.07970313436373627,0.0002054432175827122
2013,Portugal,PRT,39390.0,35082954.0,29394.0,1340.0694019187588,0.11227674841747934,0.003819716554993513
2013,Finland,FIN,6939.0,10510719.0,,,0.06601831901319025,
2013,United States,USA,2346000.0,5608784.0,8167.0,287253.58148646995,41.827248116525794,5.121494810398652
2013,Japan,JPN,785880.0,5438975.0,105566.43633,7444.411569822668,14.44904600591104,0.13687159014010303
2013,Canada,CAN,166476.0,65735961.0,867852.0,191.8253342735858,0.25324951132911866,0.0002918118657664194
2013,Sweden,SWE,20522.0,9893083.0,268491.0,76.43459184851633,0.20743786340415823,0.0007726063942707882
2013,Norway,NOR,7029.0,323763.0,836722.0,8.400639638972084,2.1710325145245135,0.0025946879782347224
2013,Hungary,HUN,20681.0,60311616.0,770193.6377,26.85168896195882,0.034290243524564154,4.452158761913928e-05
2013,Iceland,ISL,1232.0,127413888.0,51118.94428099,24.100654215939148,0.0009669275613032073,1.891524903151778e-05
2013,Netherlands,,,50428893.0,34803.0,,,
2013,Switzerland,CHE,21648.0,16804430.0,106492.0,203.28287570897345,0.12882317341320115,0.0012096981314389924
2013,Denmark,DNK,3585.0,4442100.0,,,0.08070507192544067,
2013,Croatia,HRV,15642.0,5080171.0,91726.0,170.52962082724636,0.3079030213746742,0.003356769306136474
2013,Poland,POL,47416.0,38502396.0,,,0.12315077742174799,
2013,United Kingdom,GBR,192693.0,10473990.5,,,1.839728611554498,
2013,France,FRA,73875.0,5413392.5,339601.0,217.5346951275173,1.3646710450055117,0.004018454141788487
2013,Korea,KOR,333803.0,9600374.0,,,3.476979126021549,
2013,Italy,ITA,261494.0,8089346.0,85756.2439,3049.2706782368764,3.2325728186184643,0.0376948974396308
2013,New Zealand,NZL,12187.0,76147634.0,,,0.016004436854860124,
2013,Czech Republic,CZE,25942.0,64105654.0,,,0.04046756936603439,
2013,India,IND,632465.0,316059947.0,74700.0,8466.733601070951,0.20010919004552008,0.0026788378854821966
2013,Türkiye,TUR,278514.0,4255689.0,909598.0,306.19460464952647,6.544510183897366,0.007194947860370587
2013,Lithuania,LTU,4263.0,1291132067.0,,,0.00033017536384990115,
2013,Belgium,BEL,53876.0,2957689.0,,,1.8215573036921733,
2013,Slovak Republic,SVK,6562.0,2059114.0,71779.0,91.4194959528553,0.3186807529840504,0.004439749132532502
2014,Slovenia,SVN,8328.0,11179778.0,339537.0,24.52751835587874,0.07449164017389254,0.0002193918193713573
2014,Portugal,PRT,39653.0,35437435.0,22291.0,1778.8793683549416,0.1118957960698905,0.005019774620694025
2014,Finland,FIN,6934.0,10524783.0,,,0.0658825934938516,
2014,United States,USA,2371000.0,5639719.0,6316.0,375395.8201393287,42.041101693187194,6.656285891891576
2014,Japan,JPN,715487.0,5461507.0,86344.5984735,8286.412962121656,13.100541663683668,0.15172392825133532
2014,Canada,CAN,158398.0,66276671.0,718056.0,220.59282284390076,0.23899510583444963,0.00033283630501583397
2014,Sweden,SWE,17795.0,9866466.0,232234.0,76.62530034361893,0.18035839782957747,0.0007766235685970938
2014,Norway,NOR,6438.0,327379.0,546933.0,11.771094448497347,1.9665280912947989,0.00359555574685528
2014,Hungary,HUN,20750.0,60320708.0,,,0.034399463613722835,
2014,Iceland,ISL,1172.0,127237150.0,54630.008565368,21.453410511507304,0.000921114627292422,1.686096435789964e-05
2014,Netherlands,,,50746659.0,,,,
2014,Switzerland,CHE,21764.0,16865008.0,99665.0,218.3715446746601,0.1290482637185823,0.0012948202851410455
2014,Denmark,DNK,3375.0,4516500.0,,,0.07472600464961807,
2014,Croatia,HRV,14530.0,5137427.0,74380.0,195.34821188491532,0.28282640317808894,0.0038024523148438957
2014,Poland,POL,45747.0,38483957.0,,,0.11887291111982067,
2014,United Kingdom,GBR,203865.0,10419606.5,,,1.9565518141208116,
2014,France,FRA,76432.0,5418649.0,288992.0,264.47790942309825,1.4105360948826913,0.0048808828441018835
2014,Korea,KOR,342259.0,9696105.0,,,3.529860701797268,
2014,Italy,ITA,254528.0,8188646.0,77150.225,3299.1219403443088,3.1083038636668383,0.04028897989172213
2014,New Zealand,NZL,11595.0,77181894.0,,,0.015022953440349623,
2014,Czech Republic,CZE,27046.0,64596752.0,,,0.041868978180203235,
2014,India,IND,633145.0,318386329.0,70900.0,8930.112834978843,0.19886061125444868,0.0028048041079611944
2014,Türkiye,TUR,288583.0,4238389.0,769440.0,375.0558847993346,6.808789849162028,0.00884901987050586
2014,Lithuania,LTU,4014.0,1307246512.0,,,0.0003070576179131545,
2014,Belgium,BEL,53982.0,2932367.0,,,1.8409019062075107,
2014,Slovak Republic,SVK,6912.0,2061623.0,65599.0,105.3674598698151,0.33526983352436407,0.00511089854303212
2015,Slovenia,SVN,8830.0,11238474.0,,,0.07856938584366525,
2015,Portugal,PRT,41549.0,35702908.0,25529.0,1627.5216420541344,0.11637427405072999,0.004558512830535077
2015,Finland,FIN,6678.0,10542942.0,,,0.06334095359720275,
2015,United States,USA,2478000.0,5678348.0,,,43.63945288312728,
2015,Japan,JPN,670140.0,5479528.0,,,12.229885493787055,
2015,Canada,CAN,162693.0,66512558.0,769146.0,211.52420996793848,0.24460493610845638,0.0003180214629062056
2015,Sweden,SWE,19902.0,9843025.0,252807.0,78.72408596280957,0.2021939393631531,0.000799795651873378
2015,Norway,NOR,5804.0,330818.0,598582.0,9.696248801333818,1.7544389966688632,0.0029309919053176724
2015,Hungary,HUN,21543.0,60229599.0,,,0.035768127893396735,
2015,Iceland,ISL,1324.0,127094745.0,,,0.0010417425205109779,
2015,Netherlands,,,51014947.0,,,,
2015,Switzerland,CHE,21791.0,16939925.0,98784.0,220.59240362811792,0.1286369331623369,0.0013022041338914896
2015,Denmark,DNK,3334.0,4609400.0,,,0.07233045515685338,
2015,Croatia,HRV,15372.0,5189898.0,93335.1325,164.69682517459327,0.2961907921889794,0.003173411600277949
2015,Poland,POL,42716.0,38454576.0,,,0.11108170845519139,
2015,United Kingdom,GBR,195926.0,10381837.5,,,1.887199640718707,
2015,France,FRA,74263.0,5423800.5,336188.0,220.89723607029399,1.3692059654480286,0.0040727389598915744
2015,Korea,KOR,355021.0,9799183.0,,,3.6229653023114277,
2015,Italy,ITA,250348.0,8282398.0,80447.475,3111.9435383149066,3.0226511693835527,0.037572977515870486
2015,New Zealand,NZL,12665.0,78218488.0,,,0.01619182411196698,
2015,Czech Republic,CZE,27704.0,65110034.0,,,0.04254950934290711,
2015,India,IND,646412.0,320738994.0,69600.0,9287.528735632184,0.20153832620675988,0.002895665606418964
2015,Türkiye,TUR,311951.0,4203604.0,,,7.421036805560181,
2015,Lithuania,LTU,3836.0,1322866502.0,,,0.00028997635016084184,
2015,Belgium,BEL,52593.0,2904910.0,,,1.8104863833991414,
2015,Slovak Republic,SVK,7059.0,2063077.0,68232.0,103.45585648962363,0.3421588239314383,0.005014638643619391
2016,Slovenia,SVN,8586.0,11295003.0,,,0.07601591606482973,
2016,Portugal,PRT,41668.0,36109487.0,,,0.11539349755924254,
2016,Finland,FIN,6169.0,10565284.0,145600.0,42.369505494505496,0.05838934381697643,0.00040102571302868433
2016,United States,USA,3098000.0,5724456.0,3467.0,893567.926160946,54.11867957409403,15.609656640927033
2016,Japan,JPN,622757.0,5495297.0,,,11.332544901576748,
2016,Canada,CAN,160754.0,66688563.0,694221.0,231.5602668314557,0.24105182773244044,0.0003472263554868556
2016,Sweden,SWE,18933.0,9814026.0,144724.0,130.82142561012685,0.19291776891563156,0.001333004677286639
2016,Norway,NOR,5674.0,335435.0,701860.0,8.084233322884906,1.6915348726280799,0.0024100744772861823
2016,Hungary,HUN,21936.0,60115220.0,661200.0,33.17604355716878,0.03648992717651203,5.5187427671675796e-05
2016,Iceland,ISL,1429.0,127041812.0,,,0.0011248265256166214,
2016,Netherlands,,,51217803.0,29168.0,,,
2016,Switzerland,CHE,21608.0,17030314.0,106400.0,203.08270676691728,0.12687963357575202,0.0011924777591706018
2016,Denmark,DNK,3439.0,4714100.0,,,0.07295135868988778,
2016,Croatia,HRV,14903.0,5236152.0,65473.0,227.62054587387166,0.2846174060646062,0.00434709584202047
2016,Poland,POL,43792.0,38426809.0,74490.0,587.8909920794737,0.11396210390511478,0.001529898025306951
2016,United Kingdom,GBR,190975.0,10356516.0,1359111.0,140.51464523501022,1.8440081587282826,0.001356775244059008
2016,France,FRA,76122.0,5430797.5,155202.0,490.47048362778827,1.4016725904436689,0.00903127917451881
2016,Korea,KOR,336012.0,9923086.0,104228.0,3223.817016540661,3.386164344438817,0.03248804874351246
2016,Italy,ITA,252458.0,8373334.0,64542.0,3911.530476279012,3.015023645300665,0.04671413413437243
2016,New Zealand,NZL,13108.0,79277971.0,497000.0,26.37424547283702,0.016534227395905477,3.3268063170835974e-05
2016,Czech Republic,CZE,27692.0,65648054.0,20451.0,1354.0658158525257,0.042182514656108464,0.0020626137918003263
2016,India,IND,645409.0,323071755.0,58000.0,11127.741379310346,0.19977264802984712,0.0034443560005146057
2016,Türkiye,TUR,311112.0,4174349.0,917419.0,339.11658685943934,7.452946555259275,0.008123819710796567
2016,Lithuania,LTU,3941.0,1338636340.0,3899426.0,1.010661569164282,0.0002944040799011926,7.549933756947626e-08
2016,Belgium,BEL,51928.0,2868231.0,61292.0,847.2231286301638,1.8104538999822537,0.029538176270675686
2016,Slovak Republic,SVK,7216.0,2064241.0,48482.0,148.83874427622624,0.349571585875874,0.0072103375660219045
2017,Slovenia,SVN,8005.0,11349081.0,,,0.07053434546814848,
2017,Portugal,PRT,44495.0,36545236.0,,,0.12175321565853345,
2017,Finland,FIN,5812.0,10589526.0,147100.0,39.51053704962611,0.054884420700227754,0.00037310959007632737
2017,United States,USA,2783000.0,5760694.0,3659.0,760590.3252254715,48.3101515199384,13.20310235581809
2017,Japan,JPN,584545.0,5508209.0,,,10.61225164114143,
2017,Canada,CAN,154634.0,66883314.0,697747.0,221.61901090223245,0.23119966812649267,0.0003313517193574356
2017,Sweden,SWE,19914.0,9787969.0,155584.0,127.99516659810777,0.20345385237734204,0.00130767850407074
2017,Norway,NOR,5368.0,343399.0,716119.0,7.49596086683917,1.5631961653936093,0.0021828720720908244
2017,Hungary,HUN,22076.0,60002254.0,665465.47196005,33.17377223941874,0.03679195118236725,5.5287543430316366e-05
2017,Iceland,ISL,1387.0,126918546.0,,,0.0010928268907209196,
2017,Netherlands,,,51361911.0,29090.0,,,
2017,Switzerland,CHE,21643.0,17131295.0,106900.0,202.4602432179607,0.12633604172947813,0.0011818151705283266
2017,Denmark,DNK,3318.0,4813600.0,,,0.06892969918564068,
2017,Croatia,HRV,14939.0,5276965.0,65875.0,226.77798861480076,0.283098333985539,0.004297507916289018
2017,Poland,POL,42297.0,38422346.0,78500.0,538.8152866242038,0.1100843764199094,0.0014023487442026675
2017,United Kingdom,GBR,180177.0,10340124.0,1477333.0,121.96099322224576,1.7425032813919834,0.0011794925594919923
2017,France,FRA,76832.0,5439231.5,167871.0,457.6847698530419,1.4125524901817472,0.008414511679693022
2017,Korea,KOR,327014.0,10057695.0,104096.0,3141.4655702428527,3.2513811564180464,0.031234448551510585
2017,Italy,ITA,250128.0,8451834.0,64625.0,3870.452611218569,2.9594523508152193,0.04579423366832061
2017,New Zealand,NZL,14417.0,80312708.0,498000.0,28.949799196787147,0.017951081913462563,3.60463492238204e-05
2017,Czech Republic,CZE,27656.0,66040229.0,22095.0,1251.6859017877348,0.041877504694903464,0.0018953385243224016
2017,India,IND,618888.0,325122128.0,58400.0,10597.397260273972,0.1903555454090778,0.0032595127638540716
2017,Türkiye,TUR,307810.0,4124531.0,931720.0,330.3674923796849,7.462909116212243,0.008009819598390335
2017,Lithuania,LTU,3752.0,1354195678.0,3985064.0,0.9415156193225503,0.0002770648334619777,6.952581776904404e-08
2017,Belgium,BEL,49081.0,2828403.0,62544.0,784.7435405474546,1.735290197330437,0.027745110599424996
2017,Slovak Republic,SVK,7160.0,2066161.0,50545.0,141.65595014343654,0.3465364025359108,0.006855997676049279
2018,Slovenia,SVN,7779.0,11403740.0,,,0.0682144629744277,
2018,Portugal,PRT,46034.0,37065084.0,,,0.12419774901899587,
2018,Finland,FIN,5542.0,10626430.0,150900.0,36.726308813783966,0.0521529808223458,0.0003456128616457641
2018,United States,USA,2747000.0,5789957.0,3739.0,734688.4193634662,47.44422108834314,12.689013396186988
2018,Japan,JPN,529378.0,5515525.0,,,9.597962116027032,
2018,Canada,CAN,151004.0,67125071.0,709532.0,212.8219727933342,0.22495916615119854,0.00031705288295834236
2018,Sweden,SWE,18825.0,9775566.0,165128.0,114.00247081052274,0.19257196974579274,0.0011661981598868314
2018,Norway,NOR,5049.0,352722.0,728840.0,6.92744635310905,1.431438923571538,0.001963996108297484
2018,Hungary,HUN,22632.0,59877216.0,676368.44245462,33.46105255571332,0.037797348493958036,5.588277944604726e-05
2018,Iceland,ISL,1289.0,126748506.0,,,0.001016974511715349,
2018,Netherlands,,,51585058.0,28537.0,,,
2018,Switzerland,CHE,22064.0,17231622.0,107497.0,205.25223959738412,0.12804366298192937,0.0011911370827272331
2018,Denmark,DNK,3458.0,4900600.0,,,0.07056278823001265,
2018,Croatia,HRV,14306.0,5311916.0,65534.0,218.29889828180794,0.2693190178459147,0.004109607499098403
2018,Poland,POL,40221.0,38413139.0,82400.0,488.11893203883494,0.10470636101881702,0.0012707082647914686
2018,United Kingdom,GBR,169137.0,10334633.0,1595556.0,106.0050540375894,1.636603834891863,0.0010257263517493985
2018,France,FRA,73135.0,5446770.5,180967.0,404.1344554532042,1.3427222608332772,0.007419707796632964
2018,Korea,KOR,326818.0,10175215.0,107343.0,3044.6139943918092,3.21190264775732,0.02992186400377593
2018,Italy,ITA,245946.0,8514327.0,64915.0,3788.7391203882,2.8886135099110004,0.044498398057629215
2018,New Zealand,NZL,15076.0,81407211.0,499000.0,30.2124248496994,0.018519243952479836,3.711271333162292e-05
2018,Czech Republic,CZE,28336.0,66435550.0,23389.0,1211.5096840395056,0.04265186334725911,0.0018235864443652617
2018,India,,,326838199.0,59900.0,,,
2018,Türkiye,TUR,313746.0,4087843.0,944972.0,332.0161867229928,7.6750990681393585,0.008122038608698838
2018,Lithuania,LTU,3563.0,1369003306.0,4078278.0,0.8736530467025543,0.00026026233716049184,6.381672293073004e-08
2018,Belgium,BEL,49357.0,2801543.0,63378.0,778.771813563066,1.7617791338558786,0.02779796039407805
2018,Slovak Republic,SVK,7175.0,2070050.0,51906.0,138.2306477093207,0.3466099852660564,0.006677647772243216
2019,Slovenia,SVN,7672.0,11462023.0,,,0.06693408310208415,
2019,Portugal,PRT,48025.0,37601230.0,,,0.12772188569363288,
2019,Finland,FIN,5224.0,10669324.0,152100.0,34.34582511505589,0.048962802141916395,0.0003219119141480368
2019,United States,,,5814461.0,3854.0,,,
2019,Japan,JPN,464990.0,5521605.0,78009.0,5960.722480739401,8.421283304401527,0.10795271448680957
2019,Canada,CAN,142563.0,67349922.0,729859.0,195.32950885033958,0.21167507810922187,0.0002900218783480396
2019,Sweden,SWE,17940.0,9771142.0,175135.0,102.43526422474092,0.18360187580939874,0.0010483448528814843
2019,Norway,NOR,4466.0,360558.0,753054.0,5.930517599003524,1.2386356702666423,0.0016448165340953533
2019,Hungary,HUN,22198.0,59729077.0,680577.52258647,32.61641659224744,0.03716447853362944,5.460726706399203e-05
2019,Iceland,ISL,1136.0,126555078.0,42976.11,26.433290495579985,0.0008976328867657131,2.0886787723824076e-05
2019,Netherlands,,,51764822.0,28142.0,,,
2019,Switzerland,CHE,21467.0,17344876.0,108152.0,198.48916339965976,0.12376565851494124,0.0011443677279656525
2019,Denmark,DNK,3275.0,4979200.0,,,0.06577361825192803,
2019,Croatia,HRV,13182.0,5347893.0,68461.0,192.5475818349133,0.24648959880087357,0.0036004381881782847
2019,Poland,POL,38386.0,38386476.0,87150.0,440.4589787722318,0.0999987599799471,0.0011474327020074252
2019,United Kingdom,GBR,162030.0,10354445.5,1713778.0,94.54550122594642,1.5648351232328181,0.0009130909156453277
2019,France,FRA,73734.0,5454147.0,186159.0,396.0807696646415,1.3518887554735874,0.007262011267108156
2019,Korea,KOR,345061.0,10278888.0,112960.0,3054.718484419264,3.356987643021307,0.029718375026746704
2019,Italy,ITA,244557.0,8575280.0,64419.0,3796.348903273879,2.851883553656557,0.04427084483858112
2019,New Zealand,NZL,15101.0,82579448.0,500000.0,30.201999999999998,0.018286632286522428,3.657326457304485e-05
2019,Czech Republic,CZE,26663.0,66796807.0,22856.0,1166.5645782289114,0.03991657864723983,0.0017464376376986274
2019,India,,,328329953.0,61100.0,,,
2019,Türkiye,TUR,288707.0,4065253.0,954808.0,302.3717857412171,7.101821215063367,0.00743795738521605
2019,Lithuania,LTU,3955.0,1383112051.0,4204228.0,0.9407196755266365,0.0002859493558125321,6.801471181214056e-08
2019,Belgium,BEL,47832.0,2794137.0,63942.0,748.0529229614338,1.7118702483092274,0.02677223496777122
2019,Slovak Republic,SVK,6835.0,2089310.0,53478.0,127.80956655073113,0.32714149647491275,0.0061173098559204305
2020,Slovenia,SVN,5775.0,11506938.0,,,0.05018711320074898,
2020,Portugal,PRT,34471.0,38007166.0,,,0.09069605452824343,
2020,Finland,FIN,4634.0,10700155.0,156400.0,29.62915601023018,0.04330778385920578,0.0002769039888696022
2020,United States,,,5825337.0,4115.0,,,
2020,Japan,JPN,372315.0,5529545.0,78973.0,4714.459372190495,6.733194141651799,0.08525944489448038
2020,Canada,CAN,103317.0,67538482.0,746485.0,138.4046564900835,0.15297501060210386,0.00020492710583883643
2020,Sweden,SWE,15558.0,9750153.0,176250.0,88.27234042553192,0.15956672679905637,0.000905343130774788
2020,Norway,NOR,4529.0,366462.0,755274.0,5.996499283703662,1.23587165927163,0.0016363222608902594
2020,Hungary,HUN,18176.0,59438845.0,688286.68197619,26.407600896494998,0.030579329056612727,4.44281864772019e-05
2020,Iceland,ISL,1015.0,126146099.0,,,0.0008046225828988973,
2020,Netherlands,,,51836239.0,29374.0,,,
2020,Switzerland,CHE,20022.0,17441500.0,110336.0,181.4638921113689,0.11479517243356363,0.0010404144833378373
2020,Denmark,,,5090200.0,,,,
2020,Croatia,HRV,10272.0,5379472.0,71049.0,144.57627834311532,0.19094810791839795,0.0026875551790791984
2020,Poland,POL,28954.0,38354173.0,93080.0,311.0657498925655,0.07549113365056782,0.0008110349554207974
2020,United Kingdom,GBR,122071.0,10384846.0,1832000.0,66.63264192139738,1.1754724143237174,0.0006416334139321602
2020,France,FRA,58377.0,5458827.0,175236.0,333.1336026843799,1.0694055700977518,0.006102659100286195
2020,Korea,KOR,309275.0,10353444.0,116460.0,2655.6328353082604,2.987170259480807,0.02564975321553157
2020,Italy,ITA,161644.0,8638169.0,64294.0,2514.138177745979,1.8712761929061585,0.02910498946878649
2020,New Zealand,NZL,13192.0,83384688.0,501000.0,26.331337325349303,0.015820650429249072,3.157814456935943e-05
2020,Czech Republic,CZE,23205.0,67081234.0,24212.0,958.4090533619692,0.03459238689616235,0.0014287290143797432
2020,India,,,331511512.0,62500.0,,,
2020,Türkiye,TUR,231132.0,4047680.0,955563.0,241.8804411640049,5.710234010593722,0.00597577973466294
2020,Lithuania,LTU,3350.0,1396387126.0,4277003.0,0.783258744499361,0.0002399048184865606,5.6091805052874785e-08
2020,Belgium,BEL,37150.0,2794885.0,65010.0,571.4505460698354,1.3292139032554111,0.020446299080993862
2020,Slovak Republic,SVK,5623.0,2100126.0,54508.0,103.15916929625008,0.2677458400115041,0.004912046672259192
2021,Slovenia,SVN,6552.0,11552615.0,,,0.056714432186998356,
2021,Portugal,,,38226498.0,,,,
2021,Finland,FIN,4087.0,10500850.0,156553.0,26.106174905623018,0.03892065880381112,0.0002486101116159455
2021,United States,,,5850189.0,4250.0,,,
2021,Japan,JPN,364767.0,5541020.0,80499.0,4531.323370476652,6.58302983927147,0.08177778406280165
2021,Canada,,,67738863.0,747054.0,,,
2021,Sweden,SWE,16147.0,9709893.0,189373.0,85.26558696329465,0.1662943144687588,0.0008781310665657659
2021,Norway,NOR,4645.0,372523.0,807481.0,5.752457333361404,1.2469028757955885,0.0015441885020150176
2021,Hungary,HUN,19143.0,59133173.0,685066.07249072,27.94329009813767,0.03237269205899031,4.7254846443193015e-05
2021,Iceland,ISL,1162.0,125502290.0,,,0.0009258795198079652,
2021,Netherlands,,,51744876.0,32364.0,,,
2021,Switzerland,CHE,20734.0,17533048.0,113273.0,183.04450310312254,0.11825667733299994,0.001043997045483036
2021,Denmark,,,5111400.0,,,,
2021,Croatia,HRV,12210.0,5408320.0,73291.0,166.59617142623242,0.22576326844565411,0.003080368236832
2021,Poland,POL,28660.0,38162224.0,94204.0,304.2333658867988,0.07510044487973237,0.0007972107859510462
2021,United Kingdom,GBR,135401.0,10407707.0,2076000.0,65.22206165703275,1.3009685995195677,0.0006266708090171328
2021,France,FRA,70001.0,5441991.0,185681.0,376.99603082706363,1.2863123073889684,0.006927538667871071
2021,Korea,KOR,294524.0,10415812.0,119400.0,2466.700167504188,2.827662404044927,0.023682264690493532
2021,Italy,ITA,207603.0,8704542.0,64622.0,3212.574664974776,2.384996246787022,0.03690687763899325
2021,New Zealand,NZL,13577.0,84147326.0,502000.0,27.045816733067728,0.016134796725447938,3.2141029333561624e-05
2021,Czech Republic,CZE,22737.0,67026292.0,23827.0,954.2535778738405,0.03392250909538603,0.0014237003859229457
2021,India,,,332031554.0,63400.0,,,
2021,Türkiye,TUR,280007.0,3878981.0,951251.0,294.3565893754645,7.21857106286419,0.0075885029953862764
2021,Lithuania,LTU,3429.0,1407563842.0,4353880.0,0.7875733828217589,0.00024361239594843188,5.5952942191431973e-08
2021,Belgium,BEL,42567.0,2808380.0,64194.0,663.0993550799141,1.515713685469915,0.023611454115180782
2021,Slovak Republic,SVK,5620.0,2107007.0,55314.0,101.60176447192393,0.26672906165000876,0.00482208955508567
