Year,Country,Location,GDP,Gov_Spending,Maintenance,Investments,Perc_Maintenance,Perc_Investments
1995,Belgium,BEL,210489090000.0,110811600000.0,58000000.0,160000000.0,0.052341090643939804,0.1443892155694891
1996,Belgium,BEL,214287090000.0,113683900000.0,63000000.0,159000000.0,0.055416818036678896,0.13986149314018959
1997,Belgium,BEL,224101500000.0,115640200000.0,60000000.0,153000000.0,0.05188507110848996,0.13230693132664936
1998,Belgium,BEL,232623800000.0,118543500000.0,52000000.0,152000000.0,0.04386575392155623,0.12822297300147203
1999,Belgium,BEL,242307590000.0,122357400000.0,58000000.0,161000000.0,0.04740211871125081,0.13158174331916173
2000,Belgium,BEL,256376410000.0,126645600000.0,59000000.0,149000000.0,0.04658669547145736,0.11765114619062961
2001,Belgium,BEL,264334909999.99997,130526900000.0,62000000.0,147000000.0,0.0474997874001451,0.11262046367453758
2002,Belgium,BEL,273255909999.99997,136364410000.0,68000000.0,172000000.0,0.04986638375804948,0.12613261774094867
2003,Belgium,BEL,281200190000.0,143545300000.0,73000000.0,185000000.0,0.05085502625303649,0.12887917612070893
2004,Belgium,BEL,296819690000.0,146388200000.0,77000000.0,156000000.0,0.052599868022149325,0.1065659663825363
2005,Belgium,BEL,310037590000.0,160791590000.0,80000000.0,156000000.0,0.04975384595674438,0.09701999961565154
2006,Belgium,BEL,325151500000.0,158639410000.0,104000000.0,169000000.0,0.06555748032597952,0.10653090552971674
2007,Belgium,BEL,343618910000.0,166871410000.0,94000000.0,166000000.0,0.0563307998655971,0.09947779550733106
2008,Belgium,BEL,351743090000.0,178598700000.0,102000000.0,156000000.0,0.057111277965629086,0.08734666041802096
2009,Belgium,BEL,346472810000.0,189453910000.0,111000000.0,175000000.0,0.05858944795596987,0.09237075128193448
2010,Belgium,BEL,363140090000.0,195653590000.0,184000000.0,348000000.0,0.09404376377658084,0.1778653793165768
2011,Belgium,BEL,375967810000.0,207926910000.0,156000000.0,248000000.0,0.07502636383140596,0.11927268096274793
2012,Belgium,BEL,386174690000.0,218102090000.0,145000000.0,553000000.0,0.06648262747046578,0.25355098614598326
2013,Belgium,BEL,392880000000.0,220469590000.0,147000000.0,587000000.0,0.06667586219033654,0.26624987146753437
2014,Belgium,BEL,403003310000.0,224069410000.0,206000000.0,417000000.0,0.09193579792975758,0.18610304726557722
2015,Belgium,BEL,416701410000.0,223850700000.0,457000000.0,778000000.0,0.2041539293823964,0.3475530789048236
2016,Belgium,BEL,430085310000.0,228451200000.0,528000000.0,810000000.0,0.2311215699457915,0.35456149934865744
2017,Belgium,BEL,445050090000.0,231560700000.0,396797000.0,655906000.0,0.17135766129572075,0.2832544555272117
2018,Belgium,BEL,460050810000.0,240446000000.0,216000000.0,681000000.0,0.08983306022973973,0.28322367600209614
2019,Belgium,BEL,478645000000.0,248201910000.0,213000000.0,735000000.0,0.08581722840086121,0.29612987265085916
2020,Belgium,BEL,459826310000.0,270844690000.0,155000000.0,607000000.0,0.05722836951317007,0.22411367931931764
2021,Belgium,BEL,502311590000.0,278744410000.0,498000000.0,1311000000.0,0.17865829129990446,0.47032333312083285
1995,Canada,CAN,831621000000.0,402347000000.0,5910000000.0,6419000000.0,1.4688813387449142,1.595389054721422
1996,Canada,CAN,859834000000.0,399980000000.0,5893000000.0,5774000000.0,1.4733236661833091,1.4435721786089306
1997,Canada,CAN,906926000000.0,399898000000.0,6466000000.0,5457000000.0,1.616912312639723,1.3645979724829833
1998,Canada,CAN,940548000000.0,414399000000.0,6694000000.0,5253000000.0,1.6153513883962074,1.2676188890417206
1999,Canada,CAN,1007927000000.0,427988000000.0,7298000000.0,5084000000.0,1.7051879959251195,1.187883772442218
2000,Canada,CAN,1106071000000.0,456078000000.0,8068000000.0,5109000000.0,1.7689956542521237,1.1202031231499874
2001,Canada,CAN,1144543000000.0,478725000000.0,7339000000.0,6094000000.0,1.5330304454540706,1.2729646456734034
2002,Canada,CAN,1193694000000.0,491567000000.0,7869000000.0,5907000000.0,1.6007990772366736,1.2016673210366033
2003,Canada,CAN,1254747000000.0,515267000000.0,8306000000.0,6228000000.0,1.6119798085264532,1.2086937451845354
2004,Canada,CAN,1335731000000.0,533629000000.0,8734000000.0,6748000000.0,1.636717644655744,1.2645489656671582
2005,Canada,CAN,1421590000000.0,559532000000.0,7914000000.0,8293000000.0,1.414396316921999,1.482131495607043
2006,Canada,CAN,1496604000000.0,590726000000.0,7707000000.0,9653000000.0,1.304665784136808,1.6340909321749846
2007,Canada,CAN,1577661000000.0,620705000000.0,10098000000.0,11464000000.0,1.6268597804109843,1.8469321175115392
2008,Canada,CAN,1657041000000.0,655948000000.0,10834000000.0,13647000000.0,1.6516553141407553,2.0805002835590627
2009,Canada,CAN,1571334000000.0,695851000000.0,10384000000.0,17263000000.0,1.4922734895832586,2.48084719286169
2010,Canada,CAN,1666048000000.0,731454000000.0,11880000000.0,21015000000.0,1.6241622849830613,2.8730446480571574
2011,Canada,CAN,1774063000000.0,751910000000.0,8004000000.0,20725000000.0,1.0644891010892261,2.756313920549002
2012,Canada,CAN,1827201000000.0,762378000000.0,8004000000.0,18959000000.0,1.0498728976964185,2.4868241213676154
2013,Canada,CAN,1902247000000.0,775580000000.0,5395000000.0,17907000000.0,0.6956084478712705,2.308852729570128
2014,Canada,CAN,1994898000000.0,781161000000.0,6935332415.6666,7493905411.56,0.8878236900800986,0.959329179459804
2015,Canada,CAN,1990441000000.0,812749000000.0,7588227176.2367,10227752168.48,0.9336495247901505,1.2584146112120715
2016,Canada,CAN,2025535000000.0,841899000000.0,7163506461.7556,10327375361.98,0.850874803480655,1.2266762832572553
2017,Canada,CAN,2140641000000.0,883281000000.0,7853184472.061,10955674960.64,0.8890924260864889,1.240338574093635
2018,Canada,CAN,2235675000000.0,926929000000.0,6157000000.0,9841000000.0,0.6642364194021333,1.0616778631373063
2019,Canada,CAN,2313563000000.0,957920000000.0,6544000000.0,11207000000.0,0.6831468181058962,1.1699306831468181
2020,Canada,CAN,2209681000000.0,1184894000000.0,,,,
2021,Canada,CAN,2509618000000.0,1171358000000.0,,,,
1995,Croatia,HRV,15720191000.0,9096966800.0,150000000.0,484000000.0,1.648901257944571,5.320454725634483
1996,Croatia,HRV,17313178000.0,9887759800.0,540000000.0,932000000.0,5.461297714776607,9.425795315132959
1997,Croatia,HRV,19647840000.0,10572115000.0,434000000.0,1288000000.0,4.105138848754483,12.18299271243266
1998,Croatia,HRV,21732146000.0,11837872000.0,602000000.0,2432000000.0,5.085373452255608,20.544232949976145
1999,Croatia,HRV,22303139000.0,12593965000.0,912000000.0,2577000000.0,7.241563717224878,20.462181687816347
2000,Croatia,HRV,23958877000.0,13074829000.0,2418000000.0,2326000000.0,18.493549705315456,17.789907615617764
2001,Croatia,HRV,25750965000.0,12912740000.0,985000000.0,2280000000.0,7.628125401735031,17.65698062533591
2002,Croatia,HRV,28297377000.0,14168898000.0,1268000000.0,4564000000.0,8.949178687008686,32.21139710371265
2003,Croatia,HRV,31166963000.0,15224990000.0,1579000000.0,7928000000.0,10.371106976096536,52.07228379131941
2004,Croatia,HRV,33648355000.000004,16439301000.0,1828000000.0,6572000000.0,11.119694201109889,39.97736886744759
2005,Croatia,HRV,36191367000.0,16488525000.000002,1793000000.0,5553000000.0,10.87422919879128,33.67796694974231
2006,Croatia,HRV,39449379000.0,17711922000.0,1132000000.0,6409000000.0,6.39117539022586,36.18466702823105
2007,Croatia,HRV,43176836000.0,19794236000.0,1160000000.0,7822000000.0,5.860291854659104,39.51655421305475
2008,Croatia,HRV,46467316000.0,21115430000.0,1216000000.0,7956000000.0,5.758821866284513,37.678607539604926
2009,Croatia,HRV,44409410000.0,22253053000.0,1056000000.0,6674000000.0,4.745416280633493,29.991390394837058
2010,Croatia,HRV,44273117000.0,21535223000.0,1421000000.0,3756000000.0,6.598492153993483,17.441193898944068
2011,Croatia,HRV,44972551000.0,21762904000.0,1578000000.0,3464000000.0,7.250870563965177,15.91699343065613
2012,Croatia,HRV,44545426000.0,21506043000.0,1403000000.0,3600000000.0,6.523747767081095,16.739481084456123
2013,Croatia,HRV,44697176000.0,21818900000.0,1584000000.0,3215000000.0,7.259761032866001,14.734931641833457
2014,Croatia,HRV,44572395000.0,21662891000.0,1965000000.0,2134000000.0,9.07081146279137,9.850947410481824
2015,Croatia,HRV,45733660000.0,21716885000.0,1866000000.0,1815000000.0,8.592392509330873,8.35755219959032
2016,Croatia,HRV,47331188000.0,21981955000.0,1766000000.0,1487000000.0,8.033862320253135,6.76463945085867
2017,Croatia,HRV,49516168000.0,22131627000.0,1287000000.0,1467000000.0,5.815207350096764,6.628523063397012
2018,Croatia,HRV,51932977000.0,23625227000.0,1434000000.0,2118000000.0,6.069782948540558,8.96499322525028
2019,Croatia,HRV,54783980000.0,25234809000.0,1905000000.0,2632000000.0,7.549096171086534,10.430037334540556
2020,Croatia,HRV,50451004000.0,27234611000.0,1800000000.0,3332000000.0,6.60923704766703,12.234432134903635
2021,Croatia,HRV,58206922000.0,28253551000.0,1836000000.0,4043000000.0,6.498298213913005,14.30970570743479
1995,Czech Republic,CZE,1596306000000.0,849403000000.0,4625000000.0,9802000000.0,0.5445000782902816,1.1539869767354247
1996,Czech Republic,CZE,1829255000000.0,762740000000.0,6491000000.0,10537000000.0,0.8510108293782941,1.3814668170018618
1997,Czech Republic,CZE,1971024000000.0,819917000000.0,6399000000.0,13720000000.0,0.7804448499055392,1.673340106376621
1998,Czech Republic,CZE,2156624000000.0,903236000000.0,6256000000.0,13515000000.0,0.6926207547086254,1.4962866847645577
1999,Czech Republic,CZE,2252983000000.0,927538000000.0,6855000000.0,11886000000.0,0.7390532786796875,1.281456932222723
2000,Czech Republic,CZE,2386289000000.0,974727000000.0,7209000000.0,10988000000.0,0.7395917010609124,1.1272900001744077
2001,Czech Republic,CZE,2579126000000.0,1117016000000.0,9251000000.0,10301000000.0,0.8281886741103082,0.922189118150501
2002,Czech Republic,CZE,2690982000000.0,1201744000000.0,8632000000.0,15971000000.0,0.7182894193771718,1.3289852081641347
2003,Czech Republic,CZE,2823452000000.0,1386860000000.0,8414000000.0,19922000000.0,0.6066942589735085,1.4364824135096548
2004,Czech Republic,CZE,3079207000000.0,1303245000000.0,9461000000.0,32902000000.0,0.7259571300868217,2.524621233919946
2005,Czech Republic,CZE,3285601000000.0,1392102000000.0,10436000000.0,42137000000.0,0.7496577118630675,3.026861537444814
2006,Czech Republic,CZE,3530881000000.0,1463921000000.0,15423000000.0,42268000000.0,1.0535404574427172,2.887314274472461
2007,Czech Republic,CZE,3859533000000.0,1560751000000.0,16370000000.0,41461000000.0,1.0488540452641069,2.6564775547156465
2008,Czech Republic,CZE,4042860000000.0,1652260000000.0,15257000000.0,50962000000.0,0.9234018859017346,3.084381392759009
2009,Czech Republic,CZE,3954320000000.0,1754034000000.0,15300000000.0,52524000000.0,0.8722749958096594,2.9944687503206895
2010,Czech Republic,CZE,3992870000000.0,1742089000000.0,16942000000.0,43494000000.0,0.9725105892982505,2.496657748255112
2011,Czech Republic,CZE,4062323000000.0,1754422000000.0,14009000000.0,31799000000.0,0.798496598879859,1.8125057711314607
2012,Czech Republic,CZE,4088912000000.0,1826725000000.0,14351000000.0,22036000000.0,0.7856135981059,1.2063118422313157
2013,Czech Republic,CZE,4142811000000.0,1766916000000.0,13334000000.0,16827000000.0,0.7546482119127338,0.9523372927745293
2014,Czech Republic,CZE,4345766000000.0,1852255000000.0,16167000000.0,16632000000.0,0.8728279853475898,0.8979325200903764
2015,Czech Republic,CZE,4625378000000.0,1939612000000.0,18675000000.0,24157000000.0,0.9628214302654345,1.2454552766223348
2016,Czech Republic,CZE,4796873000000.0,1906806000000.0,20742600000.0,22958300000.0,1.087819106925403,1.2040186573778349
2017,Czech Republic,CZE,5110743000000.0,1992172000000.0,18989000000.0,25911000000.0,0.9531807494533605,1.3006407077300555
2018,Czech Republic,CZE,5410761000000.0,2196478000000.0,22347000000.0,26791000000.0,1.017401494574496,1.219725396748795
2019,Czech Republic,CZE,5791498000000.0,2377636000000.0,25220000000.0,35503000000.0,1.0607174521247156,1.493205856573504
2020,Czech Republic,CZE,5709131000000.0,2695782000000.0,23382000000.0,43411000000.0,0.8673550012575202,1.6103305089209736
2021,Czech Republic,CZE,6108717000000.0,2841390000000.0,29181000000.0,46604000000.0,1.0269973498886107,1.6401831497964026
1995,Denmark,DNK,1036482600000.0,606612000000.0,4065000000.0,2578000000.0,0.6701153290736088,0.42498335014803534
1996,Denmark,DNK,1088023600000.0001,631037000000.0,4223000000.0,2971000000.0,0.6692159096851691,0.470812329546445
1997,Denmark,DNK,1146129400000.0,640772000000.0,3780000000.0,2990000000.0,0.5899134169408151,0.46662463403519505
1998,Denmark,DNK,1185987500000.0,656981000000.0,4174000000.0,2908000000.0,0.6353303976827336,0.44263076101135346
1999,Denmark,DNK,1241520800000.0,677042000000.0,4325000000.0,3119000000.0,0.6388082275545682,0.4606804304607395
2000,Denmark,DNK,1326911500000.0,699107000000.0,4367000000.0,3388000000.0,0.624654022917808,0.4846182344047478
2001,Denmark,DNK,1371526300000.0,724679000000.0,4827000000.0,3704000000.0,0.666088019661119,0.5111228557747637
2002,Denmark,DNK,1410271000000.0,750466000000.0,5009000000.0,2966000000.0,0.6674519565176837,0.3952211026215712
2003,Denmark,DNK,1436751300000.0,770664000000.0,5229000000.0,4359000000.0,0.6785058079785743,0.5656161440004983
2004,Denmark,DNK,1506000800000.0,798141000000.0,5481000000.0,5415000000.0,0.6867207673832068,0.67845155179348
2005,Denmark,DNK,1585984100000.0,812682000000.0,5718000000.0,6913000000.0,0.7035962405959526,0.8506402258201855
2006,Denmark,DNK,1682260300000.0,838266000000.0,5261000000.0,8882000000.0,0.6276050800104024,1.059568203887549
2007,Denmark,DNK,1738845300000.0,862318000000.0,5428000000.0,7666000000.0,0.6294661598157525,0.8889991859151729
2008,Denmark,DNK,1801469900000.0,908135000000.0,5336000000.0,6976000000.0,0.5875778380967587,0.7681677283663773
2009,Denmark,DNK,1722142500000.0,973636000000.0,6451000000.0,5315000000.0,0.6625679412018455,0.54589189389053
2010,Denmark,DNK,1810925600000.0,1026310000000.0,7879000000.0,6975000000.0,0.7677017665227855,0.6796192183648215
2011,Denmark,DNK,1846853600000.0,1042167000000.0,6563000000.0,7838000000.0,0.6297455206315303,0.752086757688547
2012,Denmark,DNK,1895002300000.0,1098247000000.0,7031000000.0,9853000000.0,0.6402020674766241,0.8971570147699014
2013,Denmark,DNK,1929677000000.0,1077153000000.0,6862000000.0,7808000000.0,0.6370497041738732,0.7248738108699507
2014,Denmark,DNK,1981165000000.0,1093954000000.0,5933000000.0,8212000000.0,0.5423445592776296,0.7506714176281636
2015,Denmark,DNK,2036356300000.0,1110377000000.0,6025000000.0,8103000000.0,0.5426085014368993,0.7297521472436839
2016,Denmark,DNK,2107808299999.9998,1106149000000.0,6848000000.0,8186000000.0,0.6190847706773681,0.7400449668173094
2017,Denmark,DNK,2192960000000.0,1108531000000.0,8313000000.0,7927000000.0,0.749911369190397,0.7150905116771655
2018,Denmark,DNK,2253316300000.0,1139013000000.0,8582000000.0,8079000000.0,0.753459354722027,0.7092983135398806
2019,Denmark,DNK,2310954800000.0,1147800000000.0,,,,
2020,Denmark,DNK,2323919300000.0,1244136000000.0,,,,
2021,Denmark,DNK,2504177800000.0,1272217000000.0,,,,
1995,Finland,FIN,98549000000.0,60165000000.0,599000000.0,457000000.0,0.9955954458572259,0.7595778276406548
1996,Finland,FIN,102083000000.0,60736000000.0,526000000.0,429000000.0,0.8660432033719705,0.7063356164383561
1997,Finland,FIN,110807000000.0,62124000000.0,564000000.0,436000000.0,0.9078616959629129,0.7018221621273582
1998,Finland,FIN,120474000000.0,63035000000.0,549000000.0,443000000.0,0.870944713254541,0.7027841675259776
1999,Finland,FIN,126916000000.0,64702000000.0,527000000.0,458000000.0,0.814503415659485,0.7078606534573892
2000,Finland,FIN,136442000000.0,65417000000.0,534000000.0,488000000.0,0.8163015729856153,0.7459834599568919
2001,Finland,FIN,144628000000.0,68376000000.0,543000000.0,508000000.0,0.7941382941382941,0.7429507429507429
2002,Finland,FIN,148486000000.0,71971000000.0,634000000.0,520000000.0,0.8809103666754666,0.722513234497228
2003,Finland,FIN,151749000000.0,74873000000.0,627000000.0,533000000.0,0.8374180278605104,0.7118721034284723
2004,Finland,FIN,158758000000.0,77987000000.0,587000000.0,599000000.0,0.752689550822573,0.7680767307371742
2005,Finland,FIN,164687000000.0,80729000000.0,600000000.0,595000000.0,0.7432273408564456,0.7370337796826419
2006,Finland,FIN,172897000000.0,83111000000.0,612000000.0,650000000.0,0.7363646208083166,0.7820866070676564
2007,Finland,FIN,187072000000.0,87119000000.0,611000000.0,802000000.0,0.7013395470563253,0.920579896463458
2008,Finland,FIN,194265000000.0,93006000000.0,673000000.0,973000000.0,0.7236092295120745,1.046169064361439
2009,Finland,FIN,181747000000.0,98310000000.0,684000000.0,922000000.0,0.6957583155324992,0.9378496592411758
2010,Finland,FIN,188143000000.0,101422000000.0,667000000.0,890000000.0,0.6576482419987774,0.8775216422472442
2011,Finland,FIN,197998000000.0,106241000000.0,658000000.0,973000000.0,0.6193465799455954,0.91584228311104
2012,Finland,FIN,201037000000.0,111456000000.0,525000000.0,1128000000.0,0.4710378983634797,1.012058570198105
2013,Finland,FIN,204321000000.0,116102000000.0,511000000.0,1148000000.0,0.4401302303147232,0.9887857228988304
2014,Finland,FIN,206897000000.0,118504000000.0,506000000.0,1238000000.0,0.42698980625126576,1.0446904745831365
2015,Finland,FIN,211385000000.0,119415000000.0,508900000.0,1243000000.0,0.42616086756270155,1.040907758656785
2016,Finland,FIN,217518000000.0,121044000000.0,544000000.0,1178000000.0,0.449423350186709,0.9731998281616602
2017,Finland,FIN,226301000000.0,121375000000.0,548500000.0,1235000000.0,0.45190525231719875,1.0175077239958805
2018,Finland,FIN,233462000000.0,124626000000.0,543000000.0,1526000000.0,0.4357036252467383,1.2244635950764688
2019,Finland,FIN,239858000000.0,127945000000.0,494000000.0,1522000000.0,0.386103403806323,1.189573644925554
2020,Finland,FIN,238038000000.0,136128000000.0,674000000.0,1444000000.0,0.4951222378937471,1.0607663375646452
2021,Finland,FIN,250594000000.0,139956000000.0,618000000.0,1375000000.0,0.4415673497384892,0.9824516276544057
1995,France,FRA,1218273000000.0,667721000000.0,178000000.0,10805267014.863,0.026657840625051478,1.618230820187324
1996,France,FRA,1252266000000.0,687256000000.0,180000000.0,10947662218.866,0.026191113646152234,1.592952585188925
1997,France,FRA,1292777000000.0,704959000000.0,186000000.0,10819524890.238,0.026384513141899036,1.53477363793327
1998,France,FRA,1351896000000.0,715484000000.0,185000000.0,10532081863.673,0.025856622929373685,1.4720219968123676
1999,France,FRA,1400999000000.0,737347000000.0,210000000.0,10275291050.547,0.02848048476497497,1.393548905813274
2000,France,FRA,1478585000000.0,763723000000.0,228000000.0,10940364408.677,0.029853755877458185,1.432504246785418
2001,France,FRA,1538200000000.0,795531000000.0,221000000.0,10920413959.837,0.0277801870700199,1.3727201026530709
2002,France,FRA,1587829000000.0,838298000000.0,233000000.0,10345177749.354,0.027794412011003244,1.2340692390240704
2003,France,FRA,1630666000000.0,868664000000.0,239000000.0,10990928003.536,0.027513515006953208,1.2652680442076567
2004,France,FRA,1704019000000.0,902872000000.0,239000000.0,11526363521.814,0.026471083387235403,1.2766331796549233
2005,France,FRA,1765905000000.0,941123000000.0,2189000000.0,12402058253.343,0.2325944642730015,1.3177935565641261
2006,France,FRA,1848151000000.0,977223000000.0,2235000000.0,12915322776.549,0.22870931199941058,1.3216351617337088
2007,France,FRA,1941360000000.0,1020486000000.0,2294000000.0,13883209568.4,0.22479485264863996,1.3604507625190352
2008,France,FRA,1992380000000.0,1061865000000.0,2286000000.0,14036319131.071,0.21528160359367715,1.3218553329350717
2009,France,FRA,1936422000000.0,1106701000000.0,2601000000.0,14277760989.6,0.23502282911102454,1.2901191007869335
2010,France,FRA,1995289000000.0,1134956000000.0,2431000000.0,14497093953.0,0.21419332555623305,1.2773265177680897
2011,France,FRA,2058369000000.0,1158670000000.0,2746000000.0,12604291274.0,0.23699586594975275,1.0878240805406199
2012,France,FRA,2088804000000.0,1192859000000.0,2851000000.0,13173701531.474,0.23900561591940037,1.104380444920481
2013,France,FRA,2117189000000.0,1211621000000.0,2904000000.0,12866158552.0,0.23967890949397544,1.0618962985950227
2014,France,FRA,2149765000000.0,1229958000000.0,2760000000.0,10807203024.0,0.2243979062699702,0.8786643953695981
2015,France,FRA,2198432000000.0,1248656000000.0,2598230000.0,10011226322.0,0.20808212990607503,0.801760158282185
2016,France,FRA,2234129000000.0,1266435000000.0,2430850000.0,9216000000.0,0.191944316131503,0.7277120420708524
2017,France,FRA,2297242000000.0,1298021000000.0,2369230000.0,9080000000.0,0.18252632276365327,0.6995264329313624
2018,France,FRA,2363306000000.0,1315051000000.0,2370650000.0,9883630000.0,0.18027057505754532,0.7515776954658032
2019,France,FRA,2437635000000.0,1349275000000.0,2327010000.0,10413000000.0,0.17246373052194697,0.7717477904800726
2020,France,FRA,2310469000000.0,1420848000000.0,2371020000.0,9630572000.0,0.16687358535184624,0.6778045223697398
2021,France,FRA,2500870000000.0,1476678000000.0,2541180000.0,10153386000.0,0.17208761828915986,0.6875829395440305
1995,Hungary,HUN,5836483000000.0,3223479300000.0,15935000000.0,21574000000.0,0.4943416264531309,0.6692768276811952
1996,Hungary,HUN,7122305000000.0,3638360000000.0,17701000000.0,23800000000.0,0.4865104057872228,0.6541408766587143
1997,Hungary,HUN,8834560000000.0,4382043000000.0,28641000000.0,63300000000.0,0.6535992458312253,1.4445316944630622
1998,Hungary,HUN,10442818000000.0,5304339500000.0,37776000000.0,67400000000.0,0.712171609679207,1.2706577322209485
1999,Hungary,HUN,11637546000000.0,5704855000000.0,32288000000.0,52700000000.0,0.5659740694548766,0.92377457446333
2000,Hungary,HUN,13324052000000.0,6308541000000.0,27762000000.0,45925000000.0,0.4400700574031301,0.727981319293954
2001,Hungary,HUN,15398700000000.0,7276249000000.0,,60800000000.0,,0.8355953733853804
2002,Hungary,HUN,17433860000000.0,8890365000000.0,,68900000000.0,,0.7749963021765698
2003,Hungary,HUN,19130012000000.0,9396975000000.0,,61526000000.0,,0.6547426166399293
2004,Hungary,HUN,21110060000000.0,10285184000000.0,64063000000.0,359208000000.0,0.6228668344679104,3.4924800567495926
2005,Hungary,HUN,22594966000000.0,11143538000000.0,70297000000.0,422457000000.0,0.6308319673697886,3.791049126408507
2006,Hungary,HUN,24345408000000.0,12503227000000.0,331613000000.0,154172000000.0,2.6522193030647205,1.2330576738309238
2007,Hungary,HUN,25741898000000.0,12835221000000.0,343550000000.0,162334000000.0,2.6766192806497062,1.2647542258913969
2008,Hungary,HUN,27249944000000.0,13283006000000.0,111829000000.0,246170000000.0,0.8418952758133211,1.8532702612646563
2009,Hungary,HUN,26520776000000.0,13408649000000.0,127356000000.0,439116000000.0,0.9498048610266404,3.2748713162675824
2010,Hungary,HUN,27485092000000.0,13416291000000.0,90493000000.0,231344000000.0,0.6745008736021005,1.7243513874289103
2011,Hungary,HUN,28538202000000.0,14001014000000.0,71636000000.0,83241000000.0,0.5116486563044648,0.5945355100709134
2012,Hungary,HUN,28996632000000.0,14241938000000.0,85581000000.0,44166000000.0,0.6009083876084842,0.3101122894931856
2013,Hungary,HUN,30351904000000.0,15194728000000.0,109924000000.0,118946000000.0,0.723435128289233,0.7828109854944426
2014,Hungary,HUN,32804708000000.0,16417385000000.0,84213000000.0,382307000000.0,0.5129501440089271,2.32867170989777
2015,Hungary,HUN,34965212000000.0,17615370000000.0,87464000000.0,386652000000.0,0.4965209359780691,2.194969506743259
2016,Hungary,HUN,36206664000000.0,16943858000000.0,91134000000.0,250023000000.0,0.5378586151984985,1.4755966439284371
2017,Hungary,HUN,39274756000000.0,18348280000000.0,114246000000.0,395987000000.0,0.6226523685053857,2.1581695940981933
2018,Hungary,HUN,43386436000000.0,20023528000000.0,121063118000.0,567608591000.0,0.6046043334621152,2.8347082042684986
2019,Hungary,HUN,47664924000000.0,21951434000000.0,122198000000.0,744319000000.0,0.5566743384509641,3.390753424127098
2020,Hungary,HUN,48411544000000.0,24730072000000.0,135958356000.0,639271218000.0,0.5497693496403893,2.584995377288024
2021,Hungary,HUN,55125560000000.0,26690900000000.0,120924397000.0,679027989000.0,0.4530547752230161,2.544043059619571
1995,Iceland,ISL,460839970000.0,204476000000.0,1172000000.0,6320000000.0,0.5731724016510495,3.0908272853537824
1996,Iceland,ISL,493834470000.0,216993000000.0,1381000000.0,5842000000.0,0.6364260598268147,2.692252745480269
1997,Iceland,ISL,536722380000.0,226066000000.0,1282000000.0,6549000000.0,0.5670910265143807,2.896941601125335
1998,Iceland,ISL,603407630000.0,246624640000.0,1300000000.0,11134000000.0,0.5271168363388183,4.514552965997233
1999,Iceland,ISL,649719130000.0,294928380000.0,1618000000.0,8470000000.0,0.5486077670789091,2.8718836756232142
2000,Iceland,ISL,709561310000.0,318065840000.0,1789000000.0,9388000000.0,0.5624621619221982,2.951590148756622
2001,Iceland,ISL,802276630000.0,380432630000.0,2031000000.0,9544000000.0,0.5338658779085275,2.508722766498762
2002,Iceland,ISL,854139940000.0,388269220000.0,2070000000.0,10618000000.0,0.5331352302405017,2.7347004225573173
2003,Iceland,ISL,876732690000.0,419008500000.0,2245000000.0,14811000000.0,0.5357886534521376,3.53477316092633
2004,Iceland,ISL,970421500000.0,453054000000.0,2307000000.0,12458000000.0,0.5092108225509542,2.749782586623228
2005,Iceland,ISL,1061428300000.0,477628470000.0,2625000000.0,11842000000.0,0.5495903541930823,2.4793329426112307
2006,Iceland,ISL,1225716000000.0,549591689999.99994,2835000000.0,18480000000.0,0.5158374938311022,3.3624962560842215
2007,Iceland,ISL,1386951300000.0,620620000000.0,3114000000.0,16359000000.0,0.5017563082079212,2.635912474622152
2008,Iceland,ISL,1589625100000.0,1007600300000.0,6700000000.0,31082000000.0,0.6649462093252653,3.0847549370519243
2009,Iceland,ISL,1626390800000.0,871375750000.0,5179000000.0,20860000000.0,0.5943475016374968,2.3939155984086082
2010,Iceland,ISL,1680967000000.0,820241560000.0,4679000000.0,12867000000.0,0.5704417123170399,1.5686842300455979
2011,Iceland,ISL,1765008600000.0,891960310000.0,4679000000.0,6251000000.0,0.5245749107379004,0.700815936529732
2012,Iceland,ISL,1845159800000.0,880734630000.0,4787000000.0,6101000000.0,0.5435235355739333,0.6927171695292599
2013,Iceland,ISL,1970145800000.0,905603500000.0,4512000000.0,6789000000.0,0.4982312899629916,0.7496658305759639
2014,Iceland,ISL,2086359600000.0,956125560000.0,5000000000.0,7014000000.0,0.5229438694223382,0.7335856600256561
2015,Iceland,ISL,2310847800000.0,1004611800000.0,6350000000.0,9864000000.0,0.6320849506247089,0.9818718036160834
2016,Iceland,ISL,2512054800000.0,1166529500000.0,6073000000.0,9989000000.0,0.5206040653065352,0.856300676493822
2017,Iceland,ISL,2641959500000.0,1173274100000.0,8195000000.0,10969000000.0,0.6984727609686432,0.934905151319713
2018,Iceland,ISL,2844409800000.0,1247071100000.0,10660000000.0,12752500000.0,0.854802905784602,1.0225960652925081
2019,Iceland,ISL,3043848300000.0,1318697500000.0,9760000000.0,12585400000.0,0.7401242513919986,0.9543811222816454
2020,Iceland,ISL,2937930000000.0,1493673600000.0,10460000000.0,16575000000.0,0.7002868632075977,1.109680187157355
2021,Iceland,ISL,3251222000000.0,1600702400000.0,11050000000.0,15673000000.0,0.6903219486645362,0.9791326607619255
1995,India,IND,11895012000000.0,3011530000000.0,,,,
1996,India,IND,13762099000000.0,3398320000000.0,,,,
1997,India,IND,15246805000000.0,3898970000000.0,,,,
1998,India,IND,17486556000000.0,4614070000000.0,,,,
1999,India,IND,19617392000000.0,5139610000000.0,,,,
2000,India,IND,21113408000000.0,5582030000000.0,,,,
2001,India,IND,22843588000000.0,6546510000000.0,,,,
2002,India,IND,24593636000000.0,7257270000000.0,,,,
2003,India,IND,27552794000000.0,8361330000000.0,,,,
2004,India,IND,31438266000000.0,9064960000000.0,133966000000.0,105363000000.0,1.477844358938153,1.1623106996611126
2005,India,IND,35812964000000.0,9761840000000.0,206824000000.0,178568000000.0,2.118698933807561,1.8292453062127634
2006,India,IND,41643864000000.0,11449070000000.0,293203000000.0,229489000000.0,2.560932896733097,2.004433547877688
2007,India,IND,48357600000000.0,13199280000000.0,304622000000.0,248150000000.0,2.3078683079683135,1.8800267893400244
2008,India,IND,54592232000000.0,16152660000000.0,336866000000.0,300360000000.0,2.08551408870118,1.8595079695851953
2009,India,IND,62812624000000.0,18171650000000.0,420607000000.0,323280000000.0,2.314632958482031,1.7790349252819642
2010,India,IND,75479112000000.0,21365300000000.0,568069000000.0,385150000000.0,2.658839332937052,1.8026894075908133
2011,India,IND,87363288000000.0,24147720000000.0,603470000000.0,364500000000.0,2.4990765173689278,1.5094592781430296
2012,India,IND,99440128000000.0,27210650000000.0,533240000000.0,426420000000.0,1.9596738776912717,1.5671069967090092
2013,India,IND,112335216000000.0,29881110000000.0,547700000000.0,659270000000.0,1.832930570517628,2.206310274283653
2014,India,IND,124679592000000.0,32691540000000.0,585610000000.0,705910000000.0,1.7913197114605186,2.159304823205025
2015,India,IND,137718736000000.0,37265272000000.0,532940000000.0,974240000000.0,1.4301250773105856,2.6143375526683394
2016,India,IND,153916688000000.0,41915888000000.0,,925980000000.0,,2.2091384536574767
2017,India,IND,170900416000000.0,44830020000000.0,,,,
2018,India,IND,188869568000000.0,49758420000000.0,,,,
2019,India,IND,203510128000000.0,55050872000000.0,,,,
2020,India,IND,198009136000000.0,61486360000000.0,,,,
2021,India,IND,236646368000000.0,71317432000000.0,,,,
1995,Italy,ITA,988243190000.0,510119000000.0,4856000000.0,4980000000.0,0.9519347446380158,0.976242798249036
1996,Italy,ITA,1045872700000.0,538511000000.0,4927000000.0,5052000000.0,0.9149302428362652,0.9381423963484496
1997,Italy,ITA,1092357300000.0,540628000000.0,5016000000.0,5144000000.0,0.9278098803613575,0.9514860495571816
1998,Italy,ITA,1138856100000.0,548361000000.0,5799000000.0,6258000000.0,1.0575150311564827,1.1412190144813361
1999,Italy,ITA,1175149500000.0,554833000000.0,8258000000.0,6365000000.0,1.4883757815414729,1.1471920379645768
2000,Italy,ITA,1241512900000.0,577746000000.0,9720000000.0,6930000000.0,1.6824002243200298,1.1994890488207621
2001,Italy,ITA,1304136800000.0,617372000000.0,5506000000.0,4582000000.0,0.8918447872595454,0.7421781357107222
2002,Italy,ITA,1350258900000.0,630568000000.0,5896000000.0,5071000000.0,0.9350300046941805,0.8041955823955544
2003,Italy,ITA,1394693300000.0,657939000000.0,11596000000.0,6874000000.0,1.762473420788249,1.044777707355849
2004,Italy,ITA,1452319000000.0,680842000000.0,11241000000.0,7572000000.0,1.6510438545213133,1.1121523055275675
2005,Italy,ITA,1493635300000.0,705620000000.0,12549000000.0,9169000000.0,1.7784359853745644,1.2994246194835748
2006,Italy,ITA,1552686800000.0,742085000000.0,13452000000.0,14280000000.0,1.8127303476016896,1.9243078623068783
2007,Italy,ITA,1614839800000.0,755481000000.0,9764000000.0,13664000000.0,1.2924216492539191,1.8086490593410027
2008,Italy,ITA,1637699400000.0,783371000000.0,10756000000.0,13051000000.0,1.3730403601869356,1.6660049963554944
2009,Italy,ITA,1577255900000.0,806150000000.0,6008000000.0,5641000000.0,0.7452707312534887,0.6997457048936302
2010,Italy,ITA,1611279400000.0,804476000000.0,6437000000.0,3389000000.0,0.8001481709833481,0.4212680055091762
2011,Italy,ITA,1648755800000.0,810766000000.0,6220000000.0,4129000000.0,0.7671757325788205,0.5092714790704099
2012,Italy,ITA,1624358800000.0,821764000000.0,7196000000.0,3107000000.0,0.8756772017270166,0.37808908640436917
2013,Italy,ITA,1612751300000.0,821721000000.0,9134000000.0,2841000000.0,1.111569498649785,0.34573778691307633
2014,Italy,ITA,1627405600000.0,827625000000.0,9564000000.0,3860000000.0,1.155595831445401,0.46639480441021
2015,Italy,ITA,1655355000000.0,832927000000.0,9066000000.0,5151000000.0,1.0884507285752532,0.6184215423440469
2016,Italy,ITA,1695786800000.0,832265000000.0,8446000000.0,3755000000.0,1.01482100052267,0.45117841072254633
2017,Italy,ITA,1736592800000.0,846821000000.0,8803000000.0,3409000000.0,1.0395349194221684,0.4025644144394152
2018,Italy,ITA,1771391300000.0,857245000000.0,7352000000.0,6555000000.0,0.8576311322900688,0.7646588781503537
2019,Italy,ITA,1796648500000.0,870860000000.0,6813000000.0,4310000000.0,0.7823301104655168,0.49491307443217053
2020,Italy,ITA,1661019900000.0,943495000000.0,7130000000.0,4393000000.0,0.755700878118061,0.46560925071145054
2021,Italy,ITA,1787675400000.0,986168000000.0,,,,
1995,Japan,JPN,521613504000000.0,174240608000000.0,2306532000000.0,8799796000000.0,1.323762598440887,5.05037034765168
1996,Japan,JPN,535562112000000.0,181065600000000.0,2316812000000.0,8643071000000.0,1.2795428839050598,4.773447303076896
1997,Japan,JPN,543545408000000.0,179812608000000.0,2191060000000.0,8347659000000.0,1.2185241203998332,4.642421403509147
1998,Japan,JPN,536497408000000.0,207265600000000.0,2329678000000.0,8837295000000.0,1.124006106174879,4.263753850132391
1999,Japan,JPN,528069888000000.0,187818704000000.0,2243365000000.0,8470470000000.0,1.194431093508131,4.509918245416069
2000,Japan,JPN,535417696000000.0,192485696000000.0,2213095000000.0,7876816000000.0,1.1497451737920308,4.0921565413359335
2001,Japan,JPN,531653888000000.0,187110208000000.0,2159350000000.0,7353941000000.0,1.1540524822675629,3.9302724734291354
2002,Japan,JPN,524478688000000.0,185622496000000.0,2099783000000.0,7080264000000.0,1.1312114885040658,3.814335090074427
2003,Japan,JPN,523968608000000.0,183590304000000.0,2025693000000.0,6530833000000.0,1.1033768972897393,3.557286445802715
2004,Japan,JPN,529400896000000.0,178292608000000.0,1965830000000.0,5816817000000.0,1.1025863730704977,3.262511589936471
2005,Japan,JPN,532515584000000.0,186434208000000.0,1919710000000.0,5487359000000.0,1.029698369518109,2.94332196803711
2006,Japan,JPN,535170208000000.0,184797792000000.0,1719400000000.0,5343044000000.0,0.9304223721460914,2.891292121066035
2007,Japan,JPN,539281728000000.0,186529200000000.0,1833365000000.0,5087679000000.0,0.9828836450271593,2.7275509678913545
2008,Japan,JPN,527823808000000.0,188167008000000.0,1643904000000.0,4816065000000.0,0.8736409307204376,2.559463027652541
2009,Japan,JPN,494938400000000.0,199530496000000.0,1758697000000.0,4836705000000.0,0.8814176455512847,2.4240429893984725
2010,Japan,JPN,505530592000000.0,198926096000000.0,1623291000000.0,4158115000000.0,0.8160271742325854,2.0902813072850934
2011,Japan,JPN,497448896000000.0,200115600000000.0,1740214000000.0,3974213000000.0,0.8696043686749059,1.9859586159199982
2012,Japan,JPN,500474688000000.0,201286496000000.0,1806147000000.0,3825478000000.0,0.8973016252416656,1.900513981822208
2013,Japan,JPN,508700608000000.0,205269600000000.0,2106207000000.0,4292152000000.0,1.0260686433841153,2.0909827855659096
2014,Japan,JPN,518811008000000.0,207336800000000.0,1980437000000.0,4166380000000.0,0.9551787236997967,2.0094744396556714
2015,Japan,JPN,538032320000000.0,208962800000000.0,1938608000000.0,3779008000000.0,0.9277287632056997,1.808459687561614
2016,Japan,JPN,544364608000000.0,210901600000000.0,2036197000000.0,3919169000000.0,0.9654725236792894,1.8582926824642392
2017,Japan,JPN,553073024000000.0,211223008000000.0,2177532000000.0,3992721000000.0,1.030916101715586,1.8902869710102792
2018,Japan,JPN,556630080000000.0,212840992000000.0,2147418000000.0,3913147000000.0,1.0089306480962088,1.8385307093475678
2019,Japan,JPN,557910784000000.0,216371808000000.0,2643738000000.0,4006026000000.0,1.2218495673891119,1.851454695983314
2020,Japan,JPN,539082368000000.0,248414896000000.0,,,,
2021,Japan,JPN,549379328000000.0,243490704000000.0,,,,
1995,Korea,KOR,436988800000000.0,91750200000000.0,,,,
1996,Korea,KOR,490850912000000.0,105634896000000.0,,,,
1997,Korea,KOR,542001792000000.0,120597600000000.0,,,,
1998,Korea,KOR,537215296000000.0,135679696000000.0,,,,
1999,Korea,KOR,591452992000000.0,145106592000000.0,,,,
2000,Korea,KOR,651634432000000.0,153571104000000.0,,,,
2001,Korea,KOR,707021312000000.0,178009696000000.0,1632400000000.0,8279900000000.0,0.9170286993805102,4.651375844156265
2002,Korea,KOR,784741312000000.0,194957696000000.0,1702500000000.0,8097600000000.0,0.8732663726186014,4.153516463387011
2003,Korea,KOR,837364992000000.0,260512896000000.0,2240700000000.0,9026000000000.0,0.860110971243435,3.4647037204638043
2004,Korea,KOR,908439168000000.0,255654896000000.0,1633100000000.0,8064700000000.0,0.6387908174463438,3.1545259356190853
2005,Korea,KOR,957447808000000.0,267103296000000.0,1722800000000.0,7661400000000.0,0.6449939127669918,2.868328513624931
2006,Korea,KOR,1005601472000000.0,287113408000000.0,2138500000000.0,7336300000000.0,0.7448276327102077,2.5551924067579597
2007,Korea,KOR,1089660160000000.0,305520992000000.0,1941400000000.0,7530000000000.0,0.635439151755569,2.464642429545398
2008,Korea,KOR,1154216448000000.0,344079808000000.0,2550500000000.0,17575203565110.0,0.7412524480367066,5.107885774311407
2009,Korea,KOR,1205347712000000.0,389086912000000.0,2488400000000.0,21622803008840.0,0.6395486260920542,5.557319545315367
2010,Korea,KOR,1322611200000000.0,391488896000000.0,2212400000000.0,16522920101210.0,0.5651245852960284,4.220533524713304
2011,Korea,KOR,1388937216000000.0,422020000000000.0,2310800000000.0,14245236003100.0,0.5475569878204825,3.375488366214871
2012,Korea,KOR,1440111360000000.0,443590688000000.0,2324700000000.0,15609284605570.0,0.5240642021773009,3.518848575461981
2013,Korea,KOR,1500819072000000.0,452201408000000.0,2420000000000.0,16477615000000.0,0.5351597666852024,3.6438663631936326
2014,Korea,KOR,1562928896000000.0,475459296000000.0,2302100000000.0,15234405000000.0,0.48418445477191807,3.2041449453540602
2015,Korea,KOR,1658020352000000.0,504008384000000.0,2768900000000.0,16531274000000.0,0.5493757818123914,3.2799601206633895
2016,Korea,KOR,1740779648000000.0,527386208000000.0,2480987000000.0,16136934000000.0,0.4704307701577209,3.059794464704697
2017,Korea,KOR,1835698176000000.0,555678976000000.0,2827723000000.0,16603065000000.0,0.5088770894942047,2.9878879203808495
2018,Korea,KOR,1898192640000000.0,591234624000000.0,2848286000000.0,15741578000000.0,0.4817522324267667,2.66249258094871
2019,Korea,KOR,1924498048000000.0,651849216000000.0,3225344000000.0,17226275000000.0,0.4947990916966908,2.642677873528347
2020,Korea,KOR,1940726144000000.0,740039872000000.0,,,,
2021,Korea,KOR,2071657984000000.0,787143488000000.0,,,,
1995,Lithuania,LTU,7760934100.0,2684879900.0,11000000.0,15000000.0,0.40970175239495815,0.5586842078113066
1996,Lithuania,LTU,9711149400.0,3551230000.0,27000000.0,24000000.0,0.7602999524108548,0.6758221799207599
1997,Lithuania,LTU,11722435000.0,5893819800.0,60000000.0,40000000.0,1.0180155151672605,0.6786770101115069
1998,Lithuania,LTU,13021016000.0,5362399900.0,60000000.0,96000000.0,1.1189020050518799,1.7902432080830077
1999,Lithuania,LTU,12710580000.0,5191910200.0,67000000.0,130000000.0,1.290469161042115,2.5038953870966414
2000,Lithuania,LTU,13351454000.0,5266350100.0,61000000.0,109000000.0,1.1582974705764435,2.069744660538235
2001,Lithuania,LTU,14177014000.0,5264950200.0,74000000.0,70000000.0,1.4055213665648727,1.3295472386424472
2002,Lithuania,LTU,15182389000.0,5343109900.0,107000000.0,112000000.0,2.0025790598093445,2.0961575205480987
2003,Lithuania,LTU,16649996000.0,5597060100.0,122000000.0,142000000.0,2.1797157404116496,2.5370461896594607
2004,Lithuania,LTU,18219670000.0,6207379900.0,122000000.0,137000000.0,1.965402504203102,2.2070503530805325
2005,Lithuania,LTU,20979924000.0,7157390100.0,125000000.0,165000000.0,1.7464466551851072,2.3053095848443417
2006,Lithuania,LTU,24053291000.0,8261690399.999999,161000000.0,242000000.0,1.948753732044958,2.929182628291179
2007,Lithuania,LTU,29011219000.0,10238510000.0,125000000.0,312000000.0,1.2208807726905575,3.0473184086356313
2008,Lithuania,LTU,32660066000.0,12454320000.0,134000000.0,437000000.0,1.0759318854823066,3.508822641460955
2009,Lithuania,LTU,26897016000.0,12090590000.0,125000000.0,448000000.0,1.0338618710914853,3.705360945991883
2010,Lithuania,LTU,28033832000.0,11881400000.0,160000000.0,422000000.0,1.346642651539381,3.5517699934351175
2011,Lithuania,LTU,31317168000.0,13319670000.0,153000000.0,343000000.0,1.1486771068652601,2.575138873560681
2012,Lithuania,LTU,33410163999.999996,12088490000.0,123000000.0,243000000.0,1.0174968089480159,2.010176622555836
2013,Lithuania,LTU,35039539000.0,12460090000.0,127000000.0,253000000.0,1.0192542750493776,2.030482925885768
2014,Lithuania,LTU,36581313000.0,12710460000.0,143000000.0,224000000.0,1.1250576297002626,1.762328035334677
2015,Lithuania,LTU,37345699000.0,13132990000.0,159000000.0,258000000.0,1.2106915485354057,1.9645183617744322
2016,Lithuania,LTU,38889863000.0,13315410000.0,152000000.0,357000000.0,1.1415345077620591,2.6811040741516785
2017,Lithuania,LTU,42276297000.0,14047530000.0,151000000.0,345000000.0,1.074922068150059,2.4559477716011284
2018,Lithuania,LTU,45515227000.0,15478010000.0,144000000.0,325000000.0,0.9303521576740162,2.0997531336392727
2019,Lithuania,LTU,48908223000.0,16989830000.000002,147000000.0,352000000.0,0.8652234895817086,2.0718276757330707
2020,Lithuania,LTU,49769582000.0,21240260000.0,140000000.0,466000000.0,0.6591256415881915,2.193946778429266
2021,Lithuania,LTU,56179074000.0,21067160000.0,146000000.0,434000000.0,0.693021745693297,2.060078339937609
1995,Netherlands,NLD,329547000000.0,177808000000.0,,,,
1996,Netherlands,NLD,344625000000.0,162719000000.0,,,,
1997,Netherlands,NLD,369046000000.0,168737000000.0,475000000.0,1122000000.0,0.2815031676514339,0.6649401139050712
1998,Netherlands,NLD,394295000000.0,175667000000.0,494000000.0,1350000000.0,0.2812138876396819,0.7684994905133007
1999,Netherlands,NLD,419459000000.0,182890000000.0,521000000.0,1500000000.0,0.28487068729837606,0.8201651265788179
2000,Netherlands,NLD,452007000000.0,191530000000.0,524000000.0,1727000000.0,0.27358638333420354,0.9016864198820027
2001,Netherlands,NLD,481881000000.0,207640000000.0,549000000.0,1847000000.0,0.26439992294355613,0.8895203236370641
2002,Netherlands,NLD,501137000000.0,218881000000.0,639000000.0,2279000000.0,0.29193945568596635,1.0412050383541742
2003,Netherlands,NLD,512810000000.0,229208000000.0,587000000.0,2328000000.0,0.2560992635510104,1.0156713552755576
2004,Netherlands,NLD,529286000000.0,231037000000.0,611000000.0,2334000000.0,0.26445980513943657,1.0102277990105482
2005,Netherlands,NLD,550883000000.0,234593000000.0,725000000.0,1636000000.0,0.3090458794593189,0.6973780121316493
2006,Netherlands,NLD,584546000000.0,253629000000.0,1040000000.0,1654000000.0,0.4100477469059138,0.6521336282522897
2007,Netherlands,NLD,619170000000.0,264371000000.0,1091000000.0,1680000000.0,0.4126776386214827,0.6354706075931172
2008,Netherlands,NLD,647198000000.0,281277000000.0,1231000000.0,2194000000.0,0.4376468747889091,0.7800140075441646
2009,Netherlands,NLD,624842000000.0,299259000000.0,827000000.0,2363000000.0,0.27634924931246846,0.7896170207078149
2010,Netherlands,NLD,639187000000.0,307878000000.0,1209000000.0,2300000000.0,0.3926880127842847,0.7470491558344539
2011,Netherlands,NLD,650359000000.0,306631000000.0,323000000.0,2287000000.0,0.10533833826325455,0.7458476148856443
2012,Netherlands,NLD,652966000000.0,307043000000.0,,,,
2013,Netherlands,NLD,660463000000.0,309368000000.0,,,,
2014,Netherlands,NLD,671560000000.0,309489000000.0,,,,
2015,Netherlands,NLD,690008000000.0,309465000000.0,,,,
2016,Netherlands,NLD,708337000000.0,309167000000.0,,,,
2017,Netherlands,NLD,738146000000.0,313410000000.0,,,,
2018,Netherlands,NLD,773987000000.0,327239000000.0,,,,
2019,Netherlands,NLD,813055000000.0,342493000000.0,,,,
2020,Netherlands,NLD,796530000000.0,380991000000.0,,,,
2021,Netherlands,NLD,856356000000.0,399073000000.0,,,,
1995,New Zealand,NZL,96236000000.0,39542188000.0,,,,
1996,New Zealand,NZL,101101000000.0,40636063000.0,,,,
1997,New Zealand,NZL,104815000000.0,42716777000.0,,,,
1998,New Zealand,NZL,106826000000.0,42829285000.0,602921835.0,368885059.0,1.4077326646942623,0.8612916582660674
1999,New Zealand,NZL,113229000000.0,44582645000.0,663273374.0,371833197.0,1.4877389486424595,0.8340312626135126
2000,New Zealand,NZL,119839000000.0,45220016000.0,661771513.0,425576005.0,1.4634482062102765,0.9411230747905971
2001,New Zealand,NZL,128712000000.0,47795750000.0,724338666.0,366539687.0,1.5154876029772522,0.7668876144845514
2002,New Zealand,NZL,135181000000.0,49576746000.0,751280389.0,368173787.0,1.515388664274174,0.7426340304787249
2003,New Zealand,NZL,144502000000.0,53374516000.0,806908203.0,385637332.0,1.5117855176429142,0.7225120917255718
2004,New Zealand,NZL,154559000000.0,57001965000.0,901059035.0,500426191.0,1.580750830256466,0.8779104211582881
2005,New Zealand,NZL,162937000000.0,61654070000.0,998941292.0,609483697.0,1.620235763835218,0.9885538732479462
2006,New Zealand,NZL,172004000000.0,66780804999.99999,1044253939.0,760477754.0,1.5637037304357144,1.1387669765286597
2007,New Zealand,NZL,186673000000.0,71961516000.0,1140339558.0,900084548.0,1.5846519381275959,1.2507859728802824
2008,New Zealand,NZL,189406000000.0,78502125000.0,1198924892.0,1046917171.0,1.5272515132552145,1.3336163460543264
2009,New Zealand,NZL,194306000000.0,81535891000.0,1343320176.0,1231777572.0,1.6475200792249882,1.5107182332747182
2010,New Zealand,NZL,203342000000.0,96910266000.0,1372395615.0,1407711813.0,1.4161509111944859,1.4525930751237437
2011,New Zealand,NZL,213025000000.0,93311055000.0,1485209745.0,1617508079.0,1.5916760827535386,1.733458140624388
2012,New Zealand,NZL,217489000000.0,92158508000.0,1578805502.0,1038365120.8,1.7131413433906721,1.1267165054364812
2013,New Zealand,NZL,232792000000.0,94147398000.0,1436715243.0,1293456996.0,1.5260275626523423,1.3738637747588096
2014,New Zealand,NZL,242670000000.0,97074289000.0,1484352357.0,1458245644.0,1.5290890845463725,1.5021955442805253
2015,New Zealand,NZL,255340000000.0,99646141000.0,1511041204.0,1645296221.0,1.5164071471668932,1.65113892468751
2016,New Zealand,NZL,271271000000.0,106031020000.0,1427567035.0,1596863351.0,1.3463673507997942,1.50603413133251
2017,New Zealand,NZL,290804000000.0,110477250000.0,1575965568.0,1496284453.0,1.4265068763025872,1.3543824208151451
2018,New Zealand,NZL,306327000000.0,117668620000.0,1813000000.0,1804526231.0,1.540767623517638,1.5335662396652565
2019,New Zealand,NZL,323967000000.0,131450090000.0,1855000000.0,1769000000.0,1.4111819931047593,1.3457579222654013
2020,New Zealand,NZL,327246000000.0,152746130000.0,1846000000.0,2419000000.0,1.2085412573136878,1.5836735110735702
2021,New Zealand,NZL,354088000000.0,161795910000.0,1921000000.0,1693000000.0,1.1872982450545257,1.0463799733874608
1995,Norway,NOR,828651000000.0,487917000000.0,3938000000.0,6847000000.0,0.8071044870336554,1.4033124486336817
1996,Norway,NOR,876427000000.0,508988000000.0,3874000000.0,6410000000.0,0.7611181403097912,1.2593617138321533
1997,Norway,NOR,946567000000.0,532409000000.0,3807000000.0,6963000000.0,0.7150517741059975,1.307829131363294
1998,Norway,NOR,1020047000000.0,568853000000.0,3944000000.0,8031000000.0,0.6933249890569269,1.411788282737368
1999,Norway,NOR,1074476000000.0,601798000000.0,3960000000.0,8327000000.0,0.6580281090997312,1.383686884968046
2000,Norway,NOR,1144236000000.0,639453000000.0,4489000000.0,7373000000.0,0.7020062459633468,1.1530167189770006
2001,Norway,NOR,1211504000000.0,691188000000.0,4895000000.0,8201000000.0,0.7082009525628339,1.1865078676134424
2002,Norway,NOR,1259538000000.0,736466000000.0,7044000000.0,8741000000.0,0.9564596328954764,1.1868843911327882
2003,Norway,NOR,1308904000000.0,782884000000.0,6744000000.0,8588000000.0,0.861430301296233,1.096969666004159
2004,Norway,NOR,1408931000000.0,810109000000.0,7588000000.0,9531000000.0,0.9366640785375795,1.1765083464077057
2005,Norway,NOR,1515410000000.0,845493000000.0,7948000000.0,11709000000.0,0.9400432646988206,1.3848724945091206
2006,Norway,NOR,1662703000000.0,912970000000.0,8483000000.0,11867000000.0,0.9291652518702697,1.2998236524748896
2007,Norway,NOR,1830145000000.0,980959000000.0,8894000000.0,13908000000.0,0.9066637851327118,1.4177962585592263
2008,Norway,NOR,1944983000000.0,1057827000000.0,9447000000.0,17575000000.0,0.8930571823180917,1.6614247887414484
2009,Norway,NOR,1963405000000.0,1129245000000.0,10654000000.0,21720000000.0,0.9434622247607916,1.9234090033606526
2010,Norway,NOR,2075343000000.0,1176282000000.0,10897000000.0,21408000000.0,0.9263935008781908,1.8199717414701575
2011,Norway,NOR,2158545000000.0,1233895000000.0,12589000000.0,21912000000.0,1.020265095490297,1.7758399215492402
2012,Norway,NOR,2294241000000.0,1283758000000.0,13057000000.0,24677000000.0,1.0170920064373503,1.9222470278666228
2013,Norway,NOR,2418891000000.0,1363864000000.0,14369000000.0,30005000000.0,1.0535507939208015,2.199999413431251
2014,Norway,NOR,2533745000000.0,1452653000000.0,16627000000.0,31783000000.0,1.1445954402049217,2.1879278809185676
2015,Norway,NOR,2614084000000.0,1533194000000.0,17421000000.0,31825000000.0,1.1362554249494845,2.0757320991342256
2016,Norway,NOR,2691604000000.0,1596594000000.0,,31440000000.0,,1.9691919172939394
2017,Norway,NOR,2792034000000.0,1663422000000.0,,34681000000.0,,2.0849189201537555
2018,Norway,NOR,2935377000000.0,1735106000000.0,,38988000000.0,,2.2470096927795766
2019,Norway,NOR,3062973000000.0,1837063000000.0,,39907000000.0,,2.172326153213036
2020,Norway,NOR,3042962000000.0,1994429000000.0,,35097000000.0,,1.7597517886071654
2021,Norway,NOR,3267395000000.0,2033918000000.0,,,,
1995,Poland,POL,345060000000.0,165128000000.0,908000000.0,2024000000.0,0.5498764594738627,1.225715808342619
1996,Poland,POL,431897000000.0,220801000000.0,334000000.0,617000000.0,0.15126743085402694,0.27943714023034316
1997,Poland,POL,522582000000.0,245784000000.0,498000000.0,844000000.0,0.20261693194024022,0.3433909448947043
1998,Poland,POL,607103000000.0,273798000000.0,433000000.0,1171000000.0,0.15814578630961512,0.42768756528535634
1999,Poland,POL,674530000000.0,292387000000.0,575000000.0,1254000000.0,0.1966571701204226,0.42888363709740857
2000,Poland,POL,748483000000.0,322160000000.0,1798000000.0,4086000000.0,0.5581077725353861,1.268313881301217
2001,Poland,POL,781548000000.0,350466000000.0,2445000000.0,4017000000.0,0.6976425673246477,1.1461882179726421
2002,Poland,POL,812214000000.0,367193000000.0,3050000000.0,3992000000.0,0.8306258561573887,1.087166694354195
2003,Poland,POL,847152000000.0,386435000000.0,3170000000.0,4445000000.0,0.8203190704775706,1.1502581287926816
2004,Poland,POL,933091000000.0,405488000000.0,4777000000.0,5599000000.0,1.178086651146273,1.3808053505899065
2005,Poland,POL,990530000000.0,438169500000.0,5083000000.0,7542000000.0,1.1600533583464845,1.7212517073872096
2006,Poland,POL,1069431000000.0,475378000000.0,6506000000.0,10148000000.0,1.3685950969544236,2.1347222631253446
2007,Poland,POL,1187508000000.0,509445000000.0,5733000000.0,13029000000.0,1.1253422842505079,2.5574890321820805
2008,Poland,POL,1285571000000.0,567861000000.0,7044000000.0,15834000000.0,1.240444404528573,2.788358418697533
2009,Poland,POL,1372025000000.0,617599000000.0,10131000000.0,23111000000.0,1.6403847804157716,3.742072121230766
2010,Poland,POL,1434368000000.0,663318000000.0,10532000000.0,26006000000.0,1.5877753958131697,3.9205931393388993
2011,Poland,POL,1553641000000.0,690053000000.0,11036000000.0,34281000000.0,1.5992974452686968,4.967879278838002
2012,Poland,POL,1612739000000.0,700438000000.0,1791000000.0,18339000000.0,0.2556971494978856,2.61821888589711
2013,Poland,POL,1630126000000.0,707719000000.0,1839000000.0,10345000000.0,0.2598488948297276,1.4617383453037152
2014,Poland,POL,1700552000000.0,729663750000.0,1603000000.0,7202000000.0,0.21969023402903048,0.9870299847018575
2015,Poland,POL,1798471000000.0,750622310000.0,1738000000.0,9080000000.0,0.23154121278383,1.2096629528637377
2016,Poland,POL,1853205000000.0,766007000000.0,1827000000.0,13420000000.0,0.23850956975589,1.7519422146272814
2017,Poland,POL,1982794000000.0,821255000000.0,2199000000.0,13661000000.0,0.2677609268741134,1.663429750808214
2018,Poland,POL,2126506000000.0,881373000000.0,1980000000.0,11370000000.0,0.22464949572995768,1.2900327103280904
2019,Poland,POL,2288492000000.0,958326000000.0,2067000000.0,10380000000.0,0.21568860700847103,1.0831387231484901
2020,Poland,POL,2337672000000.0,1127866000000.0,2238000000.0,14252000000.0,0.19842782741921466,1.2636252888197712
2021,Poland,POL,2623948000000.0,1160081000000.0,2540000000.0,14467000000.0,0.21895022847542545,1.2470680926590472
1995,Portugal,PRT,89028555000.0,37951219000.0,125000000.0,737000000.0,0.32937018439381355,1.9419666071859247
1996,Portugal,PRT,94351594000.0,40711922000.0,152000000.0,748000000.0,0.3733550088841298,1.8372996489824285
1997,Portugal,PRT,102330960000.0,43448781000.0,126000000.0,970000000.0,0.28999662844396024,2.2325137269098527
1998,Portugal,PRT,111353380000.0,47559719000.0,197000000.0,905000000.0,0.41421607221859325,1.9028707886184104
1999,Portugal,PRT,119603300000.0,50909691000.0,210000000.0,552000000.0,0.4124951377135642,1.0842729334185115
2000,Portugal,PRT,128414450000.0,54783289000.0,128000000.0,961000000.0,0.23364789215192974,1.7541845652969104
2001,Portugal,PRT,135775019999.99998,59917922000.0,229000000.0,1685000000.0,0.3821894891481717,2.8121803022474645
2002,Portugal,PRT,142554270000.0,62344840000.0,181000000.0,1620000000.0,0.29032073865295027,2.5984508100429804
2003,Portugal,PRT,146067860000.0,66267273000.0,221000000.0,1537000000.0,0.3334979545634842,2.319395276760521
2004,Portugal,PRT,152248390000.0,70388273000.0,233000000.0,1933000000.0,0.3310210494864677,2.7461960886581203
2005,Portugal,PRT,158552700000.0,74144930000.0,177000000.0,2112000000.0,0.23872164961245496,2.848475276731666
2006,Portugal,PRT,166260470000.0,75225820000.0,203000000.0,1940000000.0,0.2698541537998522,2.5789017653778985
2007,Portugal,PRT,175483410000.0,78112867000.0,192000000.0,1453000000.0,0.24579817304618967,1.8601288824797586
2008,Portugal,PRT,179102780000.0,81206469000.0,141000000.0,1366000000.0,0.1736314874126592,1.6821319986219325
2009,Portugal,PRT,175416440000.0,88099367000.0,124000000.0,951000000.0,0.14075015998696108,1.0794629205451611
2010,Portugal,PRT,179610780000.0,93215563000.0,102000000.0,1511000000.0,0.10942378795695308,1.6209739568917265
2011,Portugal,PRT,176096170000.0,88088250000.0,,,,
2012,Portugal,PRT,168295560000.0,82277773000.0,165000000.0,274000000.0,0.20054018720219857,0.33301825026304493
2013,Portugal,PRT,170492270000.0,85112250000.0,174000000.0,211000000.0,0.2044359066996819,0.24790790984846484
2014,Portugal,PRT,173053690000.0,89529641000.0,,,,
2015,Portugal,PRT,179713160000.0,86707391000.0,,,,
2016,Portugal,PRT,186489810000.0,83615898000.0,,,,
2017,Portugal,PRT,195947200000.0,88897367000.0,,,,
2018,Portugal,PRT,205184130000.0,88722469000.0,,,,
2019,Portugal,PRT,214374630000.0,91004172000.0,,,,
2020,Portugal,PRT,200518860000.0,98743258000.0,,,,
2021,Portugal,PRT,214741020000.0,102536950000.0,,,,
1995,Slovak Republic,SVK,19767713000.0,9561169900.0,25000000.0,53000000.0,0.2614742783725661,0.5543254701498401
1996,Slovak Republic,SVK,22032854000.0,11736950000.0,45000000.0,79000000.0,0.38340454717792954,0.6730879828234764
1997,Slovak Republic,SVK,24456111000.0,11912580000.0,56000000.0,315000000.0,0.4700912816535125,2.644263459301008
1998,Slovak Republic,SVK,26688279000.0,12236790000.0,51000000.0,300000000.0,0.41677596820734847,2.4516233423961675
1999,Slovak Republic,SVK,28583547000.0,13710350000.0,54000000.0,204000000.0,0.39386303048426924,1.4879270040516837
2000,Slovak Republic,SVK,31661066000.0,16708330000.000002,67000000.0,227000000.0,0.4009975862339324,1.358603762314965
2001,Slovak Republic,SVK,34365527000.0,15569860000.0,68000000.0,201000000.0,0.4367412423746906,1.290955731136953
2002,Slovak Republic,SVK,37329500000.0,16965160000.0,69000000.0,260000000.0,0.4067158812531093,1.532552596026209
2003,Slovak Republic,SVK,41479496000.0,16749150000.000002,72000000.0,210000000.0,0.42987256069711,1.2537949686999041
2004,Slovak Republic,SVK,46175203000.0,17509619000.0,82000000.0,240000000.0,0.4683140164271992,1.370675170030827
2005,Slovak Republic,SVK,50485664000.0,20055949000.0,100000000.0,360000000.0,0.4986051769477475,1.794978637011891
2006,Slovak Republic,SVK,56361426000.0,21879930000.0,130000000.0,411000000.0,0.5941518094436317,1.8784337975487124
2007,Slovak Republic,SVK,63163352000.0,22979240000.0,156000000.0,520000000.0,0.6788736268040196,2.262912089346732
2008,Slovak Republic,SVK,68590531000.0,25374619000.0,161000000.0,566000000.0,0.6344922853817037,2.2305753635158028
2009,Slovak Republic,SVK,64095520000.0,28463260000.0,192000000.0,662000000.0,0.6745537932056974,2.3258052661571447
2010,Slovak Republic,SVK,68764945000.0,28977680000.0,175000000.0,342000000.0,0.6039130806883091,1.1802187062594383
2011,Slovak Republic,SVK,71785844000.0,29686660000.0,157000000.0,432000000.0,0.5288570691347562,1.4551990692115582
2012,Slovak Republic,SVK,73649258000.0,30276369000.0,193000000.0,311000000.0,0.6374608527198226,1.0272037574915274
2013,Slovak Republic,SVK,74492797000.0,31640250000.0,204000000.0,360000000.0,0.6447483822030483,1.1377912627112619
2014,Slovak Republic,SVK,76354523000.0,33028559000.0,181000000.0,550000000.0,0.5480105868378938,1.665225540115147
2015,Slovak Republic,SVK,80126047000.0,36508238000.0,201025000.0,1133782000.0,0.5506291484130239,3.1055511361572696
2016,Slovak Republic,SVK,81265195000.0,34574879000.0,215000000.0,751418000.0,0.6218387633402853,2.173306231961072
2017,Slovak Republic,SVK,84669875000.0,33440281000.000004,230000000.0,749613000.0,0.6877932634597178,2.2416468330514325
2018,Slovak Republic,SVK,89874695000.0,35652910000.0,295700000.0,768840000.0,0.8293853152519668,2.156457916057904
2019,Slovak Republic,SVK,94437484000.0,38275020000.0,,,,
2020,Slovak Republic,SVK,93413758000.0,41816840000.0,231600000.0,752200000.0,0.553843858120317,1.798796848351047
2021,Slovak Republic,SVK,98522984000.0,45656371000.0,360000000.0,1113000000.0,0.7884989369829678,2.4377758801723424
1995,Slovenia,SVN,10560810000.0,5608089800.0,53000000.0,186000000.0,0.9450633261970949,3.316637333446408
1996,Slovenia,SVN,12147285000.0,5484109900.0,96000000.0,284000000.0,1.7505119654877814,5.178597897901353
1997,Slovenia,SVN,13836531000.0,6277669900.0,101000000.0,293000000.0,1.6088772045819104,4.667336841014849
1998,Slovenia,SVN,15351768000.0,7095109900.0,93000000.0,263000000.0,1.3107619375987396,3.706778382671705
1999,Slovenia,SVN,17226586000.0,8099649900.0,101000000.0,352000000.0,1.2469674769523063,4.3458668503684335
2000,Slovenia,SVN,18853121000.0,8961559600.0,79000000.0,372000000.0,0.8815429849956027,4.151063169852712
2001,Slovenia,SVN,21147701000.0,10301370000.0,66000000.0,284000000.0,0.6406914808418686,2.756914856955919
2002,Slovenia,SVN,23548615000.0,11129370000.0,68000000.0,337000000.0,0.6109959503547819,3.0280240480817873
2003,Slovenia,SVN,25613283000.0,12077860000.0,75000000.0,470000000.0,0.6209709335925404,3.8914178505132533
2004,Slovenia,SVN,27628189000.0,12882270000.0,77000000.0,496000000.0,0.5977207433162013,3.850253099803062
2005,Slovenia,SVN,29113563000.0,13506860000.0,99000000.0,450000000.0,0.7329608806191817,3.3316403664508254
2006,Slovenia,SVN,31470342000.0,14331310000.0,140000000.0,573000000.0,0.9768820854478759,3.9982388211545214
2007,Slovenia,SVN,35073457000.0,15225330000.0,139000000.0,666000000.0,0.912952297257268,4.374289424268637
2008,Slovenia,SVN,37925699000.0,17086500000.0,148000000.0,694000000.0,0.8661809030521171,4.061686126474117
2009,Slovenia,SVN,36254926000.0,17895779000.0,151000000.0,406000000.0,0.843774389480335,2.2686914048279205
2010,Slovenia,SVN,36363910000.0,18245939000.0,137000000.0,221000000.0,0.7508520115078758,1.2112284273229237
2011,Slovenia,SVN,37058570000.0,18846670000.0,122000000.0,112000000.0,0.6473292098816396,0.5942694385798659
2012,Slovenia,SVN,36253273000.0,17892631000.0,120000000.0,102000000.0,0.6706671590108799,0.570067085159248
2013,Slovenia,SVN,36454332000.0,21970039000.0,123000000.0,104000000.0,0.5598533530140751,0.4733719407598685
2014,Slovenia,SVN,37634293000.0,19134119000.0,113000000.0,128000000.0,0.5905680841642095,0.6689620776373346
2015,Slovenia,SVN,38852641000.0,18925301000.0,100000000.0,145000000.0,0.5283931811705399,0.7661701126972829
2016,Slovenia,SVN,40443219000.0,18669680000.0,104000000.0,149000000.0,0.5570529328836916,0.7980854519199044
2017,Slovenia,SVN,43011340000.0,18955080000.0,117000000.0,217000000.0,0.6172487797466432,1.1448118393591586
2018,Slovenia,SVN,45876352000.0,19942109000.0,115000000.0,330000000.0,0.5766691978265689,1.654789872024067
2019,Slovenia,SVN,48533117000.0,20955869000.0,122000000.0,306000000.0,0.5821758095548316,1.4602114567522826
2020,Slovenia,SVN,47020648000.0,24055680000.0,139000000.0,235000000.0,0.577826110091255,0.9769002580679489
2021,Slovenia,SVN,52208066000.0,25735070000.0,134000000.0,299000000.0,0.5206902487539378,1.1618386893837864
1995,Sweden,SWE,1906773000000.0,1201894000000.0,4684000000.0,8508000000.0,0.3897182280633733,0.7078827250988856
1996,Sweden,SWE,1956434000000.0,1192831000000.0,4752000000.0,8631000000.0,0.398379988447651,0.7235727441691238
1997,Sweden,SWE,2047269000000.0,1202548000000.0,4712000000.0,7704000000.0,0.39183467104847375,0.640639708352598
1998,Sweden,SWE,2152905000000.0,1214548000000.0,6557000000.0,9328000000.0,0.5398716230235445,0.7680223424681445
1999,Sweden,SWE,2264494000000.0,1268790000000.0,6180000000.0,8160000000.0,0.4870782398978555,0.6431324332631877
2000,Sweden,SWE,2408151000000.0,1277555000000.0,6310000000.0,7703000000.0,0.493912199474778,0.6029486010387028
2001,Sweden,SWE,2503731000000.0,1315012000000.0,6988000000.0,9324000000.0,0.5314019948106937,0.7090429593037935
2002,Sweden,SWE,2598336000000.0,1393151000000.0,7373000000.0,11867000000.0,0.5292319353752752,0.851810033513955
2003,Sweden,SWE,2703551000000.0,1454124000000.0,6898000000.0,12766000000.0,0.4743749501418036,0.8779168764149412
2004,Sweden,SWE,2830194000000.0,1484735000000.0,6920000000.0,13168000000.0,0.4660764378828545,0.8868922737054088
2005,Sweden,SWE,2931085000000.0,1532881000000.0,7310000000.0,12045000000.0,0.4768798099787263,0.7857752819690503
2006,Sweden,SWE,3121668000000.0,1595140000000.0,7490000000.0,13022000000.0,0.469551261958198,0.8163546773323972
2007,Sweden,SWE,3320278000000.0,1637781000000.0,7736000000.0,13163000000.0,0.47234642482725103,0.803709409255572
2008,Sweden,SWE,3412253000000.0,1706926000000.0,8256000000.0,15426000000.0,0.4836765038437519,0.903729862923173
2009,Sweden,SWE,3341167000000.0,1750325000000.0,8355000000.0,16711000000.0,0.4773399225858055,0.9547369774184794
2010,Sweden,SWE,3573581000000.0,1802629000000.0,8342000000.0,15906000000.0,0.4627685452747071,0.8823779047158345
2011,Sweden,SWE,3727905000000.0,1856123000000.0,7732000000.0,17258000000.0,0.4165672210300718,0.9297875194693455
2012,Sweden,SWE,3743086000000.0,1908794000000.0,8348000000.0,19260000000.0,0.4373442079134784,1.0090140685689497
2013,Sweden,SWE,3822671000000.0,1974766000000.0,9028000000.0,17414000000.0,0.4571680897888661,0.8818259986246472
2014,Sweden,SWE,3992730000000.0,2024415000000.0,9256000000.0,16964000000.0,0.4572185050990039,0.8379704754212945
2015,Sweden,SWE,4260470000000.0,2102084000000.0,11072000000.0,17413000000.0,0.5267153929148407,0.8283684191497581
2016,Sweden,SWE,4415031000000.0,2194797000000.0,10698000000.0,19752000000.0,0.4874254885531555,0.8999465554217543
2017,Sweden,SWE,4625094000000.0,2277147000000.0,9973000000.0,22882000000.0,0.4379603073495036,1.004853880755173
2018,Sweden,SWE,4828306000000.0,2406967000000.0,10596000000.0,25611000000.0,0.4402220720101273,1.064036191605452
2019,Sweden,SWE,5049619000000.0,2481177000000.0,10585000000.0,26503000000.0,0.4266120474274911,1.0681624084053658
2020,Sweden,SWE,5038538000000.0,2623563000000.0,10777000000.0,30852000000.0,0.41077725215670446,1.1759580387434951
2021,Sweden,SWE,5462040000000.0,2698821000000.0,12482000000.0,29527000000.0,0.4624982538671516,1.0940703366395919
1995,Switzerland,CHE,417228340000.0,139134160000.0,1868000000.0,3895000000.0,1.3425890521781279,2.799456294557713
1996,Switzerland,CHE,420368500000.0,142779500000.0,1850000000.0,3793000000.0,1.2957042152409834,2.6565438315724594
1997,Switzerland,CHE,427826130000.0,145285560000.0,1814000000.0,3841000000.0,1.2485755638757217,2.6437589530576884
1998,Switzerland,CHE,439954880000.0,148204950000.0,1869000000.0,3727000000.0,1.2610914817622487,2.5147608092712153
1999,Switzerland,CHE,447465780000.0,153655130000.0,2091000000.0,4166000000.0,1.3608396934095204,2.7112664575533536
2000,Switzerland,CHE,471540030000.0,157017130000.0,1192000000.0,4231000000.0,0.7591528389291028,2.6946104542861025
2001,Switzerland,CHE,483636910000.0,157677450000.0,2130000000.0,4177000000.0,1.3508589845916459,2.649078863210941
2002,Switzerland,CHE,482077190000.0,168988480000.0,2131000000.0,4177000000.0,1.2610327047145462,2.4717661227558234
2003,Switzerland,CHE,487606530000.0,166795380000.0,2270000000.0,4159000000.0,1.360948966332281,2.493474339636985
2004,Switzerland,CHE,502265690000.0,170413380000.0,2279000000.0,4214000000.0,1.3373363054004328,2.4728105269668377
2005,Switzerland,CHE,520848310000.0,173183480000.0,2354000000.0,4283000000.0,1.3592520487519941,2.473099628209342
2006,Switzerland,CHE,553721560000.0,173815360000.0,2413000000.0,4264000000.0,1.3882547549307496,2.453177900963413
2007,Switzerland,CHE,589085130000.0,178278800000.0,2316000000.0,4393000000.0,1.2990888428685856,2.4641179994480558
2008,Switzerland,CHE,614407750000.0,189263110000.0,2557000000.0,4508000000.0,1.351029262913412,2.381869345801197
2009,Switzerland,CHE,603039060000.0,197131470000.0,2744000000.0,4525000000.0,1.391964459048573,2.295422440668656
2010,Switzerland,CHE,624545130000.0,202123410000.0,2762000000.0,4725000000.0,1.3664918873078582,2.3376807268391127
2011,Switzerland,CHE,635738750000.0,205752130000.0,2758000000.0,4717000000.0,1.3404478485836333,2.2925643588720077
2012,Switzerland,CHE,643645560000.0,210401910000.0,2909000000.0,4677000000.0,1.382592011640959,2.222888565983075
2013,Switzerland,CHE,654611690000.0,220141700000.0,2957000000.0,4593000000.0,1.343225749596737,2.086383452112889
2014,Switzerland,CHE,665618380000.0,221424980000.0,2940000000.0,4430000000.0,1.3277634709507482,2.000677610990413
2015,Switzerland,CHE,668006380000.0,224542080000.0,2948000000.0,4511366157.3241,1.3128942245480224,2.0091406284844693
2016,Switzerland,CHE,677848310000.0,228245140000.0,2943000000.0,4326127505.995,1.2894031390986025,1.8953864717535716
2017,Switzerland,CHE,684558440000.0,230740270000.0,3011000000.0,4368790430.8763,1.304930431086,1.8933801329418136
2018,Switzerland,CHE,709521560000.0,234072160000.0,2995000000.0,4407738968.4266,1.2795199565809108,1.8830684385646719
2019,Switzerland,CHE,716878560000.0,238417800000.0,2931000000.0,4785430086.8947,1.2293545196709306,2.007161414497869
2020,Switzerland,CHE,694661750000.0,267116219999.99997,2981000000.0,5030848325.9883,1.1159936300386402,1.883393051155149
2021,Switzerland,CHE,731661690000.0,266814090000.00003,,,,
1995,Trkiye,TUR,10693502000.0,,1000000.0,41000000.0,,
1996,Trkiye,TUR,20349949000.0,,4000000.0,97000000.0,,
1997,Trkiye,TUR,39724102000.0,,13000000.0,209000000.0,,
1998,Trkiye,TUR,71944703000.0,,20000000.0,299000000.0,,
1999,Trkiye,TUR,107374260000.0,,48000000.0,380000000.0,,
2000,Trkiye,TUR,171494200000.0,67698000000.0,65000000.0,576000000.0,0.09601465331324412,0.8508375432065941
2001,Trkiye,TUR,247266200000.0,108890000000.0,114000000.0,1542000000.0,0.1046928092570484,1.4161079988979703
2002,Trkiye,TUR,362109660000.0,148513000000.0,94000000.0,1402000000.0,0.06329412240005926,0.9440251021796072
2003,Trkiye,TUR,472171780000.0,181446000000.0,167000000.0,1693739899.0736,0.09203840261014296,0.9334677529808318
2004,Trkiye,TUR,582852810000.0,201431000000.0,126000000.0,2270178238.4366,0.06255243731103952,1.127025253529298
2005,Trkiye,TUR,680275880000.0,218452000000.0,149000000.0,3050092567.6577,0.06820720341310677,1.396230095241838
2006,Trkiye,TUR,795757130000.0,270783000000.0,284000000.0,4151416881.1616,0.10488103019761211,1.533115772098544
2007,Trkiye,TUR,887714440000.0,296892000000.0,497000000.0,4000966445.9057,0.1674009404093071,1.3476167919329924
2008,Trkiye,TUR,1002756500000.0,342853000000.0,589000000.0,6389962117.6641,0.17179374250772197,1.8637614714364754
2009,Trkiye,TUR,1006372500000.0,379574030000.0,888000000.0,7470680659.9184,0.23394645834964,1.9681748669471408
2010,Trkiye,TUR,1167664500000.0,412300060000.0,719000000.0,10256980071.503,0.17438755648010335,2.487746441633552
2011,Trkiye,TUR,1404927600000.0,468157000000.0,1575000000.0,12152686133.333,0.33642560081340234,2.5958569739068302
2012,Trkiye,TUR,1581479300000.0,525251810000.00006,1620000000.0,11113900000.0,0.3084234969128426,2.115918458234346
2013,Trkiye,TUR,1823427400000.0,594264880000.0,1596000000.0,15767664537.244,0.2685671076507163,2.6533058014877136
2014,Trkiye,TUR,2054897900000.0,656257190000.0,1622000000.0,19327779807.896,0.24715919683866625,2.945153226876798
2015,Trkiye,TUR,2350941300000.0,746114560000.0,723000000.0,27378199420.306,0.0969020092571307,3.6694364227801692
2016,Trkiye,TUR,2626559800000.0,889067940000.0,769000000.0,24510379771.813,0.08649507708038601,2.756862402643042
2017,Trkiye,TUR,3133704300000.0,1064251500000.0,945000000.0,25318455631.109,0.08879480085299386,2.378991773195434
2018,Trkiye,TUR,3758773800000.0,1303661100000.0,1346000000.0,49606855462.798,0.1032476922108054,3.805195649605407
2019,Trkiye,TUR,4311733000000.0,1540010000000.0,2073000000.0,39987292059.66,0.13460951552262648,2.5965605456886647
2020,Trkiye,TUR,5048220000000.0,1715200000000.0,2989000000.0,43774773475.785,0.17426539179104478,2.552167296862465
2021,Trkiye,TUR,7248789000000.0,2261460000000.0,3813000000.0,44455458432.351,0.1686078904778329,1.965785750459924
1995,United Kingdom,GBR,853077000000.0,326617000000.0,3180000000.0,4330000000.0,0.9736174173420243,1.325711766380807
1996,United Kingdom,GBR,911258000000.0,334646000000.0,2987000000.0,3958000000.0,0.8925850002689408,1.1827423605840202
1997,United Kingdom,GBR,953952000000.0,342133000000.0,2825000000.0,3518000000.0,0.8257022853685556,1.0282550937793198
1998,United Kingdom,GBR,999326000000.0,354565000000.0,2758000000.0,3235000000.0,0.7778545541720137,0.9123855992554256
1999,United Kingdom,GBR,1044150000000.0,365896000000.0,2929000000.0,3134000000.0,0.8005006887202921,0.856527537879616
2000,United Kingdom,GBR,1101143000000.0,387823000000.0,3120000000.0,3391000000.0,0.8044907083901676,0.8743679462022624
2001,United Kingdom,GBR,1145323000000.0,415351000000.0,3203000000.0,3688000000.0,0.771154999024921,0.8879237079000654
2002,United Kingdom,GBR,1191515000000.0,448607000000.0,3247000000.0,3928000000.0,0.7237961066144755,0.8755993553377455
2003,United Kingdom,GBR,1259675000000.0,489328000000.0,3344000000.0,3595000000.0,0.683386194944904,0.7346810319458522
2004,United Kingdom,GBR,1323420000000.0,530162000000.0,3699000000.0,3359000000.0,0.6977112656131522,0.6335799246268122
2005,United Kingdom,GBR,1399643000000.0,576918000000.0,3872000000.0,3851000000.0,0.6711525728093074,0.6675125407770255
2006,United Kingdom,GBR,1472837000000.0,601622000000.0,3993000000.0,4323000000.0,0.6637057820358963,0.7185574995595241
2007,United Kingdom,GBR,1545792000000.0,635055000000.0,3858789356.2041,4243889000.0,0.6076307337481163,0.668271094629599
2008,United Kingdom,GBR,1594737000000.0,706655000000.0,3988963150.0,4808038000.0,0.5644852367845695,0.6803939687683523
2009,United Kingdom,GBR,1551882000000.0,732360000000.0,3863721542.581,5850859000.0,0.5275713505080835,0.7989047736086078
2010,United Kingdom,GBR,1612381000000.0,760093000000.0,3361802000.0,5563648000.0,0.44228824630670194,0.731969377431446
2011,United Kingdom,GBR,1664211000000.0,759517000000.0,2988985000.0,4829298000.0,0.3935376035032791,0.6358380391748967
2012,United Kingdom,GBR,1713241000000.0,779782000000.0,2798764000.0,4507696000.0,0.35891620991507883,0.5780713071089099
2013,United Kingdom,GBR,1782296000000.0,779734000000.0,2671045000.0,5120633000.0,0.3425584878945897,0.6567153670354249
2014,United Kingdom,GBR,1862827000000.0,802426000000.0,2323513000.0,6326657000.0,0.28956103117296794,0.7884411771303522
2015,United Kingdom,GBR,1920998000000.0,811937000000.0,2297276000.0,6583304000.0,0.2829377156109402,0.8108146321697374
2016,United Kingdom,GBR,1999461000000.0,827976000000.0,2052058000.0,7010939000.0,0.2478402755635429,0.846756306946095
2017,United Kingdom,GBR,2085008000000.0,856509000000.0,1768027000.0,7957727000.0,0.20642246608033307,0.929088544311852
2018,United Kingdom,GBR,2157410000000.0,880419000000.0,2062552000.0,7674053000.0,0.23426936492738115,0.8716364594585078
2019,United Kingdom,GBR,2238348000000.0,913281000000.0,2028159000.0,8459419000.0,0.22207392905359905,0.9262668335375421
2020,United Kingdom,GBR,2109594000000.0,1101598000000.0,,,,
2021,United Kingdom,GBR,2270246000000.0,1103132000000.0,,,,
1995,United States,USA,7639749000000.0,2888481000000.0,24318908000.0,38800000000.0,0.8419272274943127,1.3432665819854794
1996,United States,USA,8073122000000.0,2997027500000.0,25563402000.0,40600000000.0,0.8529585397531387,1.3546755910648134
1997,United States,USA,8577552000000.0,3085212800000.0,26776754000.0,43000000000.0,0.867906226760112,1.3937450278956447
1998,United States,USA,9062817000000.0,3182809800000.0,28172394000.0,46100000000.0,0.8851422412988674,1.4484057451375199
1999,United States,USA,9631172000000.0,3337215000000.0,29997493000.0,50100000000.0,0.8988780465148335,1.5012517922878807
2000,United States,USA,10250952000000.0,3516022500000.0,30636638000.0,54100000000.0,0.8713436276360574,1.5386704721030653
2001,United States,USA,10581929000000.0,3768842800000.0,31676918000.0,58600000000.0,0.8404945411891417,1.554853919616918
2002,United States,USA,10929108000000.0,4015593000000.0,33893078560.47,60300000000.0,0.844036697953951,1.501646207670947
2003,United States,USA,11456450000000.0,4268405000000.0,35466544000.0,59400000000.0,0.8309085946624091,1.3916205233570855
2004,United States,USA,12217196000000.0,4503250000000.0,36327181000.0,62400000000.0,0.8066880808305112,1.3856659079553655
2005,United States,USA,13039197000000.0,4817585000000.0,37882229000.0,68100000000.0,0.7863323428647342,1.4135713225609927
2006,United States,USA,13815583000000.0,5065365500000.0,40425921255.0,74200000000.0,0.7980849803434718,1.4648498711494757
2007,United States,USA,14474228000000.0,5408531500000.0,45759127000.0,78400000000.0,0.8460545528855661,1.4495616786183088
2008,United States,USA,14769862000000.0,5860288500000.0,44972095000.0,79900000000.0,0.7674041132957874,1.3634141049540478
2009,United States,USA,14478067000000.0,6253857000000.0,49432397000.0,82300000000.0,0.7904305614918922,1.3159878775609997
2010,United States,USA,15048970000000.0,6472653500000.0,48772990473.044,82400000000.0,0.75352389051946,1.2730482173964666
2011,United States,USA,15599731000000.0,6535058500000.0,45993773372.932,82700000000.0,0.7038004843098496,1.265482168216245
2012,United States,USA,16253970000000.0,6515363500000.0,48009760441.173,83100000000.0,0.7368700217750398,1.275446872611175
2013,United States,USA,16843196000000.0,6547530000000.0,45435000000.0,81400000000.0,0.6939258010272576,1.2432169077499455
2014,United States,USA,17550688000000.0,6721129000000.0,51442240042.163,83400000000.0,0.7653809358838821,1.2408629562086966
2015,United States,USA,18206024000000.0,6910907000000.0,51765892760.0,89100000000.0,0.7490462939235039,1.2892663727062164
2016,United States,USA,18695106000000.0,7161100000000.0,55312766920.0,92900000000.0,0.7724060119255421,1.2972867296923656
2017,United States,USA,19477336000000.0,7412759000000.0,51442240042.163,96600000000.0,0.6939688723478398,1.3031585135844832
2018,United States,USA,20533058000000.0,7794634500000.0,60637022760.0,102300000000.0,0.7779328557355705,1.3124412696964816
2019,United States,USA,21380976000000.0,8221634000000.0,61503000000.0,107700000000.0,0.7480629762891415,1.3099585800097644
2020,United States,USA,21060474000000.0,9962874000000.0,61346000000.0,106300000000.0,0.6157460186689102,1.0669612001516833
2021,United States,USA,23315080000000.0,10477246000000.0,,108600000000.0,,1.0365319283330752
